Order Date,Sales,Quantity,Discount,Profit,Ship Mode_Same Day,Ship Mode_Second Class,Ship Mode_Standard Class,Segment_Corporate,Segment_Home Office,Region_East,Region_South,Region_West,Sub-Category_Chairs,Sub-Category_Furnishings,Sub-Category_Tables
2014-01-07,76.728,3,0.6,-53.7096,0.0,0.0,1.0,0.0,0.0,0.0,0.0,0.0,0.0,1.0,0.0
2014-01-10,51.94,1,0.0,21.2954,0.0,0.0,1.0,1.0,0.0,0.0,1.0,0.0,0.0,1.0,0.0
2014-01-11,9.94,2,0.0,3.0814,0.0,0.0,0.0,0.0,0.0,1.0,0.0,0.0,0.0,1.0,0.0
2014-01-13,879.9390000000001,9,0.15,91.2798,0.0,1.0,1.0,0.0,0.0,0.0,1.0,1.0,1.0,0.0,0.0
2014-01-14,61.96,4,0.5,-53.2856,0.0,0.0,0.0,1.0,0.0,1.0,0.0,0.0,0.0,0.0,0.0
2014-01-16,127.104,6,0.2,28.5984,0.0,1.0,0.0,0.0,0.0,1.0,0.0,0.0,0.0,1.0,0.0
2014-01-19,181.47,5,0.7,-320.597,0.0,0.0,0.0,0.0,0.0,0.0,0.0,1.0,0.0,0.0,0.0
2014-01-20,1413.51,15,0.0,276.5217,0.0,0.0,5.0,0.0,0.0,0.0,2.0,1.0,1.0,4.0,0.0
2014-01-21,25.248,3,0.2,4.1028,0.0,1.0,0.0,0.0,0.0,0.0,1.0,0.0,0.0,1.0,0.0
2014-01-26,217.2,8,0.0,75.0018,0.0,0.0,2.0,1.0,2.0,0.0,2.0,0.0,0.0,2.0,0.0
2014-01-27,333.0,3,0.2,-16.65,0.0,0.0,1.0,0.0,0.0,0.0,0.0,1.0,0.0,0.0,1.0
2014-01-31,290.666,2,0.15,3.4196,0.0,0.0,0.0,0.0,0.0,0.0,0.0,1.0,0.0,0.0,0.0
2014-02-08,14.56,2,0.0,5.5328,0.0,0.0,0.0,0.0,1.0,0.0,0.0,1.0,0.0,1.0,0.0
2014-02-11,1650.05,10,0.0,143.8661,0.0,2.0,1.0,0.0,0.0,0.0,1.0,0.0,1.0,1.0,1.0
2014-02-12,129.568,2,0.2,-24.294,0.0,0.0,1.0,0.0,0.0,0.0,0.0,1.0,1.0,0.0,0.0
2014-02-18,25.16,5,0.6,-11.322,1.0,0.0,0.0,0.0,0.0,0.0,0.0,0.0,0.0,1.0,0.0
2014-02-20,20.32,4,0.0,6.9088,0.0,0.0,1.0,1.0,0.0,0.0,0.0,0.0,0.0,1.0,0.0
2014-03-01,1893.995,23,1.7,-198.624,0.0,1.0,4.0,0.0,1.0,0.0,0.0,1.0,3.0,1.0,1.0
2014-03-03,928.8019999999999,8,0.7,-223.1052,0.0,0.0,2.0,1.0,0.0,1.0,0.0,1.0,0.0,0.0,1.0
2014-03-07,966.9839999999999,9,0.6000000000000001,81.49170000000001,0.0,0.0,2.0,2.0,0.0,0.0,0.0,3.0,3.0,0.0,0.0
2014-03-11,8.32,5,0.2,2.288,0.0,1.0,0.0,0.0,0.0,1.0,0.0,0.0,0.0,1.0,0.0
2014-03-14,1139.92,4,0.0,284.98,0.0,0.0,1.0,0.0,1.0,0.0,1.0,0.0,1.0,0.0,0.0
2014-03-15,45.696,3,0.2,5.1408,0.0,0.0,1.0,0.0,0.0,0.0,1.0,0.0,0.0,1.0,0.0
2014-03-17,3265.23,14,1.2000000000000002,-1124.0239000000001,0.0,0.0,3.0,3.0,0.0,3.0,0.0,0.0,0.0,0.0,3.0
2014-03-18,1462.45,17,0.55,108.2906,0.0,1.0,3.0,0.0,4.0,0.0,2.0,2.0,0.0,3.0,0.0
2014-03-19,25.008,6,0.4,6.8772,0.0,0.0,0.0,2.0,0.0,0.0,2.0,0.0,0.0,2.0,0.0
2014-03-21,251.328,6,0.4,-4.328399999999999,0.0,0.0,2.0,0.0,0.0,0.0,2.0,0.0,1.0,1.0,0.0
2014-03-22,314.352,3,0.2,-35.3646,0.0,0.0,1.0,1.0,0.0,0.0,0.0,1.0,1.0,0.0,0.0
2014-03-24,40.48,2,0.0,14.5728,0.0,1.0,0.0,0.0,0.0,0.0,0.0,1.0,0.0,1.0,0.0
2014-03-25,366.786,7,0.1,65.2064,0.0,0.0,1.0,0.0,0.0,1.0,0.0,0.0,1.0,0.0,0.0
2014-03-28,1515.308,5,0.4,-36.629999999999995,0.0,0.0,2.0,0.0,1.0,1.0,0.0,0.0,0.0,0.0,2.0
2014-03-29,890.841,3,0.3,-152.7156,0.0,0.0,1.0,0.0,0.0,0.0,0.0,0.0,0.0,0.0,1.0
2014-03-30,332.968,9,0.44999999999999996,-21.191000000000003,0.0,0.0,1.0,0.0,1.0,0.0,0.0,1.0,1.0,0.0,0.0
2014-03-31,1125.488,7,0.2,98.4802,1.0,0.0,0.0,0.0,0.0,0.0,1.0,0.0,1.0,0.0,0.0
2014-04-02,177.68,2,0.0,46.1968,0.0,0.0,1.0,1.0,0.0,0.0,1.0,0.0,0.0,1.0,0.0
2014-04-04,5.47,1,0.0,2.3521,0.0,0.0,1.0,0.0,0.0,0.0,0.0,0.0,0.0,1.0,0.0
2014-04-06,933.384,15,0.4,103.538,0.0,0.0,3.0,3.0,1.0,1.0,0.0,3.0,0.0,2.0,2.0
2014-04-07,8.96,2,0.0,2.7776,0.0,0.0,0.0,0.0,0.0,0.0,1.0,0.0,0.0,1.0,0.0
2014-04-08,1487.622,10,0.6000000000000001,223.9685,0.0,0.0,3.0,1.0,1.0,1.0,1.0,1.0,0.0,0.0,3.0
2014-04-12,308.499,3,0.15,-18.147,0.0,0.0,1.0,1.0,0.0,0.0,0.0,1.0,0.0,0.0,0.0
2014-04-15,187.76,4,0.0,76.9816,1.0,0.0,0.0,0.0,1.0,0.0,0.0,1.0,0.0,1.0,0.0
2014-04-18,317.058,3,0.3,-18.1176,0.0,0.0,1.0,0.0,0.0,0.0,0.0,0.0,1.0,0.0,0.0
2014-04-19,76.14,3,0.0,26.649,0.0,1.0,0.0,0.0,1.0,0.0,0.0,1.0,0.0,1.0,0.0
2014-04-20,1205.6100000000001,11,0.6,-200.0578,0.0,2.0,1.0,0.0,0.0,0.0,0.0,1.0,0.0,1.0,2.0
2014-04-23,585.08,8,0.8,-16.3,0.0,0.0,3.0,0.0,3.0,3.0,0.0,0.0,2.0,1.0,0.0
2014-04-25,1790.29,10,0.2,212.3865,0.0,0.0,2.0,0.0,2.0,0.0,0.0,2.0,1.0,1.0,0.0
2014-04-26,230.28,3,0.2,23.028,0.0,0.0,1.0,1.0,0.0,0.0,0.0,1.0,1.0,0.0,0.0
2014-04-29,631.004,6,0.2,89.1244,0.0,1.0,2.0,1.0,0.0,1.0,2.0,0.0,2.0,1.0,0.0
2014-05-04,39.64,9,0.0,13.7832,1.0,0.0,0.0,1.0,0.0,1.0,0.0,1.0,0.0,2.0,0.0
2014-05-05,127.869,3,0.3,-9.1335,0.0,0.0,0.0,0.0,0.0,0.0,0.0,0.0,1.0,0.0,0.0
2014-05-07,1066.5700000000002,6,0.3,205.3996,0.0,0.0,2.0,0.0,0.0,2.0,0.0,0.0,1.0,0.0,1.0
2014-05-10,606.749,8,0.7,-184.88029999999998,0.0,1.0,1.0,0.0,0.0,1.0,0.0,1.0,1.0,0.0,0.0
2014-05-11,1279.0720000000001,12,0.8999999999999999,-153.6048,0.0,0.0,2.0,1.0,0.0,0.0,0.0,0.0,1.0,1.0,0.0
2014-05-12,734.846,10,0.3,-119.22550000000001,0.0,0.0,1.0,0.0,0.0,1.0,0.0,0.0,0.0,1.0,1.0
2014-05-13,279.456,6,0.2,20.9592,0.0,0.0,1.0,1.0,0.0,0.0,0.0,1.0,1.0,0.0,0.0
2014-05-14,310.88,2,0.2,23.316,0.0,0.0,1.0,1.0,0.0,0.0,1.0,0.0,0.0,1.0,0.0
2014-05-16,232.88,5,0.2,17.466,0.0,0.0,1.0,1.0,0.0,0.0,0.0,1.0,1.0,0.0,0.0
2014-05-18,149.232,3,0.2,3.7308,0.0,1.0,0.0,0.0,0.0,1.0,0.0,0.0,0.0,1.0,0.0
2014-05-20,150.192,10,0.6,54.1989,0.0,2.0,0.0,2.0,0.0,1.0,0.0,0.0,0.0,2.0,0.0
2014-05-21,107.772,2,0.3,-29.2524,0.0,1.0,0.0,0.0,0.0,0.0,0.0,0.0,1.0,0.0,0.0
2014-05-25,29.32,2,0.6,-24.189,0.0,0.0,1.0,0.0,0.0,0.0,0.0,0.0,0.0,1.0,0.0
2014-05-26,875.7339999999999,6,0.65,44.74679999999999,0.0,0.0,3.0,1.0,0.0,0.0,0.0,2.0,2.0,0.0,0.0
2014-05-27,567.12,10,0.2,-28.356,1.0,0.0,0.0,1.0,0.0,0.0,0.0,1.0,0.0,0.0,1.0
2014-05-30,355.455,3,0.5,-184.8366,0.0,0.0,1.0,0.0,0.0,0.0,0.0,0.0,0.0,0.0,1.0
2014-06-01,2024.06,13,0.0,589.6414,0.0,1.0,1.0,0.0,1.0,0.0,1.0,0.0,1.0,1.0,0.0
2014-06-02,73.32,6,0.0,21.996,0.0,0.0,1.0,0.0,1.0,0.0,0.0,1.0,0.0,1.0,0.0
2014-06-03,577.424,13,0.6,73.49000000000001,0.0,1.0,0.0,0.0,0.0,0.0,0.0,1.0,0.0,1.0,1.0
2014-06-04,424.488,6,0.2,-16.419999999999998,0.0,0.0,3.0,0.0,0.0,3.0,0.0,0.0,0.0,2.0,0.0
2014-06-06,991.764,3,0.4,-347.1174,0.0,0.0,1.0,1.0,0.0,1.0,0.0,0.0,0.0,0.0,1.0
2014-06-07,268.935,3,0.5,-209.7693,0.0,1.0,0.0,0.0,0.0,0.0,0.0,0.0,0.0,0.0,1.0
2014-06-08,755.904,6,0.4,83.84100000000001,0.0,0.0,2.0,1.0,0.0,0.0,1.0,1.0,2.0,0.0,0.0
2014-06-09,3233.7439999999997,25,0.2,358.7116,0.0,2.0,2.0,1.0,0.0,0.0,1.0,3.0,0.0,2.0,2.0
2014-06-14,212.94,3,0.0,57.4938,0.0,0.0,1.0,0.0,1.0,0.0,0.0,0.0,0.0,0.0,0.0
2014-06-15,897.862,6,0.6,-75.5522,0.0,0.0,2.0,2.0,0.0,0.0,0.0,0.0,1.0,0.0,1.0
2014-06-16,647.84,8,0.0,32.392,0.0,0.0,1.0,0.0,0.0,0.0,0.0,0.0,1.0,0.0,0.0
2014-06-17,6.24,3,0.0,2.6208,0.0,0.0,1.0,0.0,0.0,0.0,0.0,1.0,0.0,1.0,0.0
2014-06-20,193.0656,4,0.32,-19.8744,0.0,0.0,1.0,0.0,0.0,0.0,0.0,0.0,0.0,0.0,0.0
2014-06-21,107.994,2,0.2,15.2088,0.0,1.0,1.0,0.0,0.0,1.0,1.0,0.0,0.0,2.0,0.0
2014-06-22,1023.9879999999999,8,0.6,-4.8588,0.0,0.0,2.0,0.0,0.0,2.0,0.0,0.0,2.0,0.0,0.0
2014-06-24,4.272,2,0.2,0.9612,0.0,0.0,1.0,0.0,0.0,0.0,0.0,1.0,0.0,1.0,0.0
2014-06-25,447.84,5,0.2,11.196,0.0,0.0,0.0,1.0,0.0,0.0,0.0,1.0,0.0,0.0,1.0
2014-06-27,85.98,1,0.0,22.3548,0.0,0.0,1.0,0.0,0.0,0.0,1.0,0.0,0.0,0.0,1.0
2014-06-28,1228.465,5,0.3,0.0,0.0,0.0,1.0,0.0,0.0,1.0,0.0,0.0,1.0,0.0,0.0
2014-07-05,232.73600000000002,5,0.4,21.3592,0.0,0.0,0.0,2.0,0.0,0.0,2.0,0.0,0.0,2.0,0.0
2014-07-06,478.48,2,0.2,47.848,0.0,0.0,1.0,0.0,1.0,0.0,0.0,1.0,1.0,0.0,0.0
2014-07-07,241.19400000000002,4,0.5,-34.6598,0.0,0.0,2.0,0.0,0.0,2.0,0.0,0.0,1.0,1.0,0.0
2014-07-08,566.37,4,0.30000000000000004,-77.2884,0.0,0.0,1.0,1.0,0.0,1.0,0.0,1.0,1.0,0.0,1.0
2014-07-09,119.833,1,0.15,7.049,0.0,0.0,1.0,0.0,1.0,0.0,0.0,1.0,0.0,0.0,0.0
2014-07-11,979.0500000000001,12,0.0,265.8612,0.0,0.0,2.0,2.0,0.0,2.0,0.0,0.0,1.0,1.0,0.0
2014-07-12,1333.846,10,0.7,-18.244799999999998,0.0,0.0,3.0,1.0,1.0,0.0,0.0,2.0,2.0,0.0,1.0
2014-07-13,351.216,3,0.2,4.3902,0.0,0.0,1.0,1.0,0.0,0.0,0.0,1.0,0.0,0.0,1.0
2014-07-14,31.984,2,0.2,1.1994,0.0,0.0,1.0,0.0,0.0,1.0,0.0,0.0,0.0,1.0,0.0
2014-07-18,259.136,4,0.2,-25.9136,1.0,0.0,0.0,0.0,1.0,0.0,0.0,1.0,1.0,0.0,0.0
2014-07-19,70.56,1,0.3,-4.032,0.0,0.0,1.0,1.0,0.0,1.0,0.0,0.0,0.0,0.0,1.0
2014-07-20,1041.132,10,0.8999999999999999,-138.9378,0.0,0.0,2.0,0.0,2.0,0.0,0.0,1.0,1.0,2.0,0.0
2014-07-21,1732.346,8,0.7,-16.607199999999995,0.0,0.0,3.0,3.0,0.0,0.0,0.0,2.0,2.0,0.0,1.0
2014-07-22,888.072,6,0.4,90.9366,0.0,2.0,0.0,0.0,0.0,0.0,0.0,2.0,1.0,0.0,1.0
2014-07-25,77.92,8,0.0,34.2848,0.0,1.0,0.0,0.0,0.0,0.0,0.0,1.0,0.0,1.0,0.0
2014-07-26,919.448,20,0.8,-55.87650000000001,0.0,0.0,5.0,0.0,0.0,0.0,2.0,2.0,2.0,3.0,0.0
2014-07-28,129.888,6,0.2,12.9888,1.0,0.0,0.0,0.0,0.0,0.0,1.0,0.0,0.0,1.0,0.0
2014-07-30,1367.84,8,0.0,259.8896,0.0,0.0,1.0,1.0,0.0,0.0,0.0,1.0,0.0,0.0,0.0
2014-08-01,44.128,4,0.2,12.1352,0.0,0.0,1.0,1.0,0.0,0.0,1.0,0.0,0.0,1.0,0.0
2014-08-03,218.75,2,0.5,-161.875,0.0,0.0,0.0,0.0,0.0,0.0,0.0,1.0,0.0,0.0,1.0
2014-08-05,1962.724,14,0.5,357.864,0.0,1.0,2.0,1.0,0.0,1.0,0.0,1.0,2.0,0.0,1.0
2014-08-08,658.472,22,0.4,103.5952,0.0,1.0,3.0,0.0,1.0,0.0,1.0,2.0,0.0,3.0,0.0
2014-08-11,12.35,1,0.0,5.434,0.0,0.0,1.0,0.0,0.0,0.0,0.0,1.0,0.0,1.0,0.0
2014-08-12,85.44,3,0.0,31.6128,0.0,0.0,1.0,0.0,0.0,0.0,0.0,1.0,0.0,1.0,0.0
2014-08-15,195.136,4,0.2,-12.196,0.0,0.0,1.0,0.0,0.0,0.0,0.0,1.0,1.0,0.0,0.0
2014-08-16,853.092,6,0.4,-227.4912,0.0,0.0,1.0,0.0,0.0,1.0,0.0,0.0,0.0,0.0,1.0
2014-08-19,928.0600000000001,16,0.0,198.513,0.0,1.0,1.0,1.0,0.0,0.0,1.0,1.0,0.0,1.0,0.0
2014-08-20,921.6120000000001,15,0.3,139.05,0.0,1.0,1.0,1.0,0.0,0.0,1.0,0.0,2.0,0.0,0.0
2014-08-23,4.224,3,0.2,1.2672,0.0,0.0,1.0,0.0,0.0,0.0,0.0,1.0,0.0,1.0,0.0
2014-08-24,13.28,2,0.0,6.3744,0.0,0.0,0.0,1.0,0.0,1.0,0.0,0.0,0.0,1.0,0.0
2014-08-25,6.28,1,0.0,2.6376,0.0,0.0,1.0,1.0,0.0,0.0,0.0,1.0,0.0,1.0,0.0
2014-08-26,10.68,4,0.0,4.0584,0.0,0.0,1.0,0.0,0.0,1.0,0.0,0.0,0.0,1.0,0.0
2014-08-27,1232.06,7,0.0,313.2566,0.0,0.0,0.0,2.0,0.0,0.0,2.0,0.0,0.0,1.0,1.0
2014-08-29,174.0585,3,0.45,-110.7645,0.0,1.0,0.0,0.0,0.0,0.0,1.0,0.0,0.0,0.0,1.0
2014-09-02,70.71,1,0.0,4.9497,0.0,0.0,0.0,0.0,0.0,1.0,0.0,0.0,0.0,1.0,0.0
2014-09-05,31.984,2,0.2,1.999,0.0,0.0,0.0,0.0,0.0,0.0,1.0,0.0,0.0,1.0,0.0
2014-09-06,41.88,6,0.0,12.1452,0.0,0.0,0.0,1.0,0.0,0.0,0.0,1.0,0.0,1.0,0.0
2014-09-07,1714.5929999999998,19,0.5,379.9901,0.0,2.0,3.0,1.0,3.0,1.0,0.0,0.0,1.0,3.0,2.0
2014-09-08,3855.444,21,0.9,96.75919999999999,0.0,0.0,4.0,0.0,1.0,1.0,0.0,1.0,4.0,0.0,0.0
2014-09-09,864.024,15,0.4,230.1036,0.0,2.0,0.0,1.0,1.0,3.0,0.0,0.0,1.0,2.0,0.0
2014-09-10,1741.94,10,0.2,225.174,0.0,0.0,1.0,0.0,0.0,1.0,0.0,1.0,1.0,1.0,0.0
2014-09-11,127.95,3,0.0,21.7515,0.0,0.0,1.0,0.0,0.0,0.0,0.0,1.0,0.0,1.0,0.0
2014-09-12,40.56,2,0.0,12.9792,0.0,0.0,1.0,0.0,1.0,0.0,0.0,0.0,0.0,1.0,0.0
2014-09-13,354.306,9,0.3,-4.1834999999999996,1.0,0.0,1.0,0.0,1.0,0.0,0.0,1.0,1.0,1.0,0.0
2014-09-14,629.78,22,1.2,-58.5955,1.0,2.0,1.0,1.0,0.0,1.0,2.0,0.0,0.0,3.0,1.0
2014-09-15,118.49600000000001,6,0.2,23.1504,0.0,0.0,2.0,1.0,0.0,2.0,0.0,0.0,0.0,2.0,0.0
2014-09-17,35.34,2,0.0,13.4292,0.0,0.0,1.0,0.0,0.0,0.0,0.0,1.0,0.0,1.0,0.0
2014-09-19,961.0179999999999,8,0.6,131.5933,1.0,0.0,1.0,2.0,0.0,1.0,0.0,1.0,1.0,0.0,1.0
2014-09-20,3071.64,21,1.1,-260.59340000000003,0.0,0.0,3.0,0.0,0.0,4.0,0.0,0.0,1.0,1.0,1.0
2014-09-21,8.544,2,0.6,-7.476,0.0,0.0,0.0,0.0,1.0,0.0,0.0,0.0,0.0,1.0,0.0
2014-09-22,676.9680000000001,7,0.1,118.788,0.0,0.0,2.0,0.0,0.0,2.0,0.0,0.0,1.0,1.0,0.0
2014-09-23,435.999,3,0.15,20.5176,0.0,0.0,1.0,1.0,0.0,0.0,0.0,1.0,0.0,0.0,0.0
2014-09-25,300.5328,2,0.32,-97.2312,0.0,0.0,1.0,0.0,1.0,0.0,0.0,0.0,0.0,0.0,0.0
2014-09-26,752.3040000000001,6,0.6000000000000001,77.9604,0.0,1.0,1.0,1.0,1.0,1.0,0.0,2.0,2.0,1.0,0.0
2014-09-27,691.4599999999999,8,0.2,82.9362,0.0,0.0,2.0,1.0,0.0,1.0,0.0,1.0,1.0,1.0,0.0
2014-09-28,337.088,4,0.2,16.8544,0.0,0.0,1.0,0.0,0.0,0.0,1.0,0.0,0.0,1.0,0.0
2014-09-29,3153.388,20,0.8,389.8266,0.0,3.0,3.0,2.0,2.0,3.0,0.0,3.0,0.0,3.0,3.0
2014-09-30,15.24,3,0.0,5.1816,0.0,0.0,1.0,1.0,0.0,1.0,0.0,0.0,0.0,1.0,0.0
2014-10-03,555.8389999999999,10,1.3,-71.81949999999999,0.0,3.0,1.0,2.0,0.0,0.0,0.0,2.0,2.0,1.0,1.0
2014-10-04,589.41,5,0.1,-6.549,0.0,0.0,0.0,0.0,0.0,1.0,0.0,0.0,1.0,0.0,0.0
2014-10-07,129.92,5,0.2,21.112,0.0,0.0,1.0,0.0,1.0,1.0,0.0,0.0,0.0,1.0,0.0
2014-10-10,169.224,10,0.4,17.28,1.0,0.0,1.0,0.0,2.0,0.0,0.0,2.0,1.0,1.0,0.0
2014-10-11,505.95799999999997,17,0.2,-42.0694,0.0,0.0,2.0,1.0,1.0,0.0,1.0,2.0,1.0,2.0,0.0
2014-10-13,1544.53,7,0.0,338.7098,0.0,1.0,0.0,1.0,0.0,1.0,0.0,1.0,1.0,0.0,1.0
2014-10-14,1628.82,9,0.0,260.6112,0.0,0.0,0.0,0.0,0.0,1.0,0.0,0.0,1.0,0.0,0.0
2014-10-15,198.75600000000003,3,0.5,-3.8205,0.0,0.0,1.0,0.0,0.0,1.0,1.0,0.0,1.0,1.0,0.0
2014-10-17,5.312,2,0.6,-1.5936,0.0,1.0,0.0,0.0,0.0,0.0,0.0,0.0,0.0,1.0,0.0
2014-10-18,1151.22,12,0.0,216.24599999999998,0.0,1.0,1.0,2.0,0.0,0.0,2.0,0.0,2.0,0.0,0.0
2014-10-20,328.59,3,0.4,-147.8655,0.0,0.0,0.0,1.0,0.0,0.0,1.0,0.0,0.0,0.0,1.0
2014-10-21,1000.9100000000001,7,0.4,-10.526199999999989,0.0,0.0,1.0,1.0,0.0,1.0,1.0,0.0,0.0,0.0,2.0
2014-10-22,223.808,8,0.2,23.303199999999997,0.0,0.0,2.0,1.0,1.0,1.0,1.0,0.0,0.0,2.0,0.0
2014-10-26,63.92,4,0.0,3.196,0.0,1.0,0.0,0.0,0.0,0.0,0.0,1.0,0.0,1.0,0.0
2014-10-28,616.998,6,0.15,-36.294,0.0,0.0,0.0,1.0,0.0,0.0,0.0,1.0,0.0,0.0,0.0
2014-10-31,3591.032,22,0.9,-310.7559999999999,0.0,5.0,1.0,2.0,0.0,5.0,0.0,1.0,2.0,2.0,2.0
2014-11-01,100.38399999999999,8,0.2,26.137999999999998,0.0,0.0,1.0,1.0,0.0,2.0,0.0,0.0,0.0,2.0,0.0
2014-11-02,89.34,6,0.0,24.1218,0.0,0.0,1.0,0.0,0.0,1.0,0.0,0.0,0.0,1.0,0.0
2014-11-03,1355.388,9,0.6000000000000001,-350.55539999999996,0.0,0.0,2.0,0.0,0.0,0.0,2.0,0.0,0.0,1.0,1.0
2014-11-04,744.9499999999999,7,0.30000000000000004,-26.958399999999997,0.0,0.0,3.0,0.0,1.0,1.0,0.0,2.0,1.0,1.0,1.0
2014-11-05,443.508,13,0.2,15.0946,1.0,0.0,2.0,0.0,1.0,1.0,1.0,1.0,1.0,2.0,0.0
2014-11-07,683.144,4,0.3,0.0,0.0,0.0,1.0,0.0,0.0,0.0,0.0,0.0,1.0,0.0,0.0
2014-11-09,279.186,11,0.15,31.956,0.0,1.0,1.0,0.0,1.0,1.0,0.0,1.0,0.0,1.0,0.0
2014-11-10,657.0200000000001,10,0.0,138.8504,0.0,0.0,3.0,0.0,0.0,0.0,0.0,2.0,1.0,2.0,0.0
2014-11-11,2071.424,18,2.0,-220.9558,0.0,3.0,3.0,2.0,0.0,2.0,0.0,2.0,3.0,2.0,0.0
2014-11-12,722.1852,7,1.12,11.5443,0.0,0.0,3.0,1.0,0.0,0.0,0.0,1.0,0.0,1.0,1.0
2014-11-14,69.264,2,0.1,14.6224,0.0,0.0,1.0,0.0,1.0,1.0,0.0,0.0,1.0,0.0,0.0
2014-11-15,10.11,3,0.0,3.2352,0.0,0.0,0.0,0.0,0.0,0.0,0.0,1.0,0.0,1.0,0.0
2014-11-16,343.27049999999997,5,0.44999999999999996,24.1323,0.0,0.0,1.0,1.0,0.0,0.0,0.0,1.0,1.0,0.0,0.0
2014-11-17,1262.2399999999998,13,0.3,2.522199999999998,0.0,0.0,3.0,1.0,1.0,2.0,0.0,0.0,2.0,1.0,0.0
2014-11-18,2191.732,26,2.1,-113.8537,0.0,1.0,4.0,3.0,0.0,1.0,0.0,3.0,1.0,3.0,3.0
2014-11-19,1025.88,6,0.0,235.9524,0.0,0.0,1.0,1.0,0.0,1.0,0.0,0.0,0.0,0.0,0.0
2014-11-23,1147.1,11,1.3,-82.1618,0.0,1.0,1.0,2.0,0.0,0.0,0.0,2.0,3.0,1.0,0.0
2014-11-24,1029.808,20,0.7,32.8624,1.0,1.0,2.0,1.0,1.0,2.0,1.0,2.0,2.0,3.0,0.0
2014-11-25,2302.967,20,1.3,-78.7465,0.0,3.0,3.0,3.0,1.0,2.0,0.0,2.0,1.0,3.0,1.0
2014-11-26,19.3,5,0.6,-14.475,0.0,1.0,0.0,0.0,0.0,0.0,0.0,0.0,0.0,1.0,0.0
2014-11-27,199.9,5,0.0,39.98,0.0,0.0,1.0,1.0,0.0,1.0,0.0,0.0,0.0,1.0,0.0
2014-11-28,808.932,9,0.15,38.8968,1.0,1.0,0.0,1.0,1.0,0.0,1.0,1.0,0.0,1.0,0.0
2014-12-01,4513.606,27,0.8,651.4054000000001,0.0,3.0,1.0,1.0,0.0,4.0,0.0,1.0,3.0,4.0,0.0
2014-12-02,1282.8,26,1.4,-70.83139999999999,0.0,0.0,4.0,4.0,0.0,3.0,0.0,0.0,1.0,3.0,0.0
2014-12-06,525.192,12,2.2,-310.4106,0.0,2.0,2.0,0.0,0.0,0.0,0.0,1.0,0.0,2.0,2.0
2014-12-08,723.24,10,0.2,85.05879999999999,0.0,1.0,2.0,2.0,0.0,0.0,0.0,3.0,1.0,2.0,0.0
2014-12-10,338.352,3,0.2,4.2294,0.0,0.0,1.0,1.0,0.0,0.0,0.0,1.0,1.0,0.0,0.0
2014-12-12,1084.7525,16,0.35,120.8654,0.0,4.0,1.0,0.0,0.0,0.0,0.0,5.0,0.0,3.0,1.0
2014-12-13,182.38799999999998,6,0.8,-34.7961,0.0,0.0,2.0,2.0,0.0,0.0,0.0,1.0,0.0,2.0,0.0
2014-12-14,322.834,5,0.6000000000000001,-38.3637,0.0,0.0,2.0,0.0,0.0,1.0,1.0,0.0,1.0,0.0,1.0
2014-12-15,1223.786,16,1.2,-135.579,0.0,2.0,1.0,2.0,0.0,1.0,0.0,1.0,2.0,2.0,0.0
2014-12-16,2798.4320000000002,33,1.8,136.5506,0.0,3.0,2.0,2.0,2.0,0.0,2.0,3.0,3.0,4.0,0.0
2014-12-19,1819.86,14,0.0,163.7874,0.0,1.0,0.0,0.0,0.0,0.0,1.0,0.0,1.0,0.0,0.0
2014-12-20,4039.8140000000003,23,0.9,651.295,0.0,1.0,2.0,1.0,2.0,2.0,3.0,2.0,3.0,2.0,2.0
2014-12-21,1897.92,9,0.4,184.908,0.0,0.0,2.0,0.0,0.0,0.0,0.0,2.0,2.0,0.0,0.0
2014-12-23,118.10000000000001,3,0.6000000000000001,-13.070799999999998,0.0,1.0,1.0,1.0,0.0,1.0,1.0,0.0,1.0,0.0,1.0
2014-12-24,346.62199999999996,12,0.4,32.5132,0.0,0.0,2.0,1.0,1.0,1.0,0.0,2.0,1.0,2.0,0.0
2014-12-26,1353.158,19,0.9,66.9846,0.0,1.0,1.0,3.0,1.0,0.0,0.0,4.0,2.0,3.0,0.0
2014-12-27,1212.798,26,1.1,146.98899999999998,0.0,1.0,3.0,0.0,1.0,2.0,0.0,1.0,2.0,2.0,0.0
2014-12-29,143.172,17,1.2,-23.266199999999998,0.0,0.0,4.0,2.0,1.0,0.0,0.0,2.0,0.0,4.0,0.0
2014-12-30,523.764,3,0.4,-192.0468,0.0,1.0,0.0,1.0,0.0,1.0,0.0,0.0,0.0,0.0,1.0
2014-12-31,2584.5280000000002,20,0.2,450.1908,0.0,1.0,2.0,1.0,3.0,4.0,0.0,0.0,1.0,1.0,0.0
2015-01-02,452.45,5,0.5,-244.323,0.0,0.0,1.0,1.0,0.0,1.0,0.0,0.0,0.0,0.0,0.0
2015-01-03,1352.3976,9,0.32,-437.5404,0.0,1.0,0.0,0.0,0.0,0.0,0.0,0.0,0.0,0.0,0.0
2015-01-04,192.22,14,0.0,69.1992,0.0,0.0,1.0,1.0,0.0,0.0,1.0,0.0,0.0,1.0,0.0
2015-01-05,61.584,1,0.2,-6.9282,0.0,0.0,1.0,0.0,1.0,0.0,0.0,1.0,1.0,0.0,0.0
2015-01-10,1018.104,4,0.4,-373.3048,0.0,0.0,1.0,0.0,0.0,1.0,0.0,0.0,0.0,0.0,1.0
2015-01-13,542.45,13,0.0,130.994,0.0,0.0,2.0,0.0,0.0,0.0,0.0,2.0,0.0,2.0,0.0
2015-01-17,254.744,7,0.6,-312.0614,0.0,0.0,1.0,0.0,1.0,0.0,0.0,0.0,0.0,1.0,0.0
2015-01-19,301.742,5,0.6,-21.712200000000003,0.0,0.0,2.0,0.0,0.0,0.0,0.0,0.0,1.0,0.0,1.0
2015-01-27,2985.906,7,0.5,-54.5958,0.0,1.0,0.0,0.0,0.0,1.0,0.0,1.0,2.0,0.0,0.0
2015-01-30,227.36,7,0.0,81.8496,0.0,0.0,1.0,0.0,0.0,0.0,0.0,1.0,0.0,1.0,0.0
2015-01-31,53.34,3,0.0,16.5354,0.0,1.0,0.0,0.0,0.0,0.0,0.0,0.0,0.0,1.0,0.0
2015-02-03,256.202,7,0.1,67.299,0.0,0.0,1.0,2.0,0.0,1.0,0.0,1.0,1.0,2.0,0.0
2015-02-06,1552.74,13,0.0,348.789,0.0,0.0,2.0,0.0,0.0,2.0,0.0,0.0,1.0,0.0,0.0
2015-02-09,244.70399999999998,7,0.8,-7.647000000000002,0.0,1.0,1.0,1.0,0.0,0.0,0.0,1.0,1.0,1.0,0.0
2015-02-18,35.544,1,0.2,-0.8886,0.0,0.0,1.0,0.0,0.0,0.0,0.0,1.0,0.0,0.0,1.0
2015-02-27,493.92,7,0.3,-28.224,0.0,0.0,1.0,1.0,0.0,1.0,0.0,0.0,0.0,0.0,1.0
2015-02-28,551.264,10,0.4,15.566400000000002,0.0,0.0,2.0,0.0,0.0,0.0,2.0,0.0,2.0,0.0,0.0
2015-03-01,1412.7504,9,0.52,-56.90220000000001,0.0,1.0,0.0,2.0,0.0,0.0,0.0,1.0,1.0,0.0,0.0
2015-03-02,787.53,3,0.0,165.3813,0.0,0.0,1.0,0.0,0.0,0.0,0.0,1.0,0.0,0.0,1.0
2015-03-05,521.259,13,1.2,49.496900000000004,1.0,3.0,0.0,2.0,0.0,3.0,0.0,0.0,2.0,2.0,0.0
2015-03-06,435.26,7,0.0,95.7572,0.0,0.0,1.0,0.0,0.0,0.0,0.0,1.0,0.0,1.0,0.0
2015-03-08,1746.95,16,0.0,368.94079999999997,0.0,0.0,3.0,0.0,0.0,0.0,0.0,0.0,1.0,1.0,0.0
2015-03-12,37.288,7,0.4,5.3018,0.0,0.0,2.0,2.0,0.0,0.0,2.0,0.0,0.0,2.0,0.0
2015-03-13,1384.856,14,0.2,234.4744,0.0,2.0,0.0,0.0,2.0,0.0,0.0,3.0,1.0,1.0,0.0
2015-03-16,215.09,3,0.0,62.824200000000005,0.0,1.0,1.0,1.0,0.0,0.0,0.0,2.0,0.0,1.0,1.0
2015-03-19,383.4656,4,0.32,-67.6704,0.0,0.0,0.0,0.0,1.0,0.0,0.0,0.0,0.0,0.0,0.0
2015-03-22,91.96,2,0.0,15.6332,0.0,0.0,1.0,1.0,0.0,0.0,0.0,1.0,0.0,1.0,0.0
2015-03-23,107.772,2,0.3,-29.2524,0.0,0.0,1.0,0.0,0.0,0.0,0.0,0.0,1.0,0.0,0.0
2015-03-24,405.95799999999997,8,0.3,-22.7738,0.0,1.0,0.0,1.0,1.0,0.0,0.0,1.0,0.0,1.0,0.0
2015-03-29,1186.8400000000001,8,0.2,140.8401,0.0,2.0,0.0,0.0,1.0,0.0,1.0,1.0,1.0,1.0,0.0
2015-03-30,366.744,4,0.3,-110.0232,0.0,0.0,1.0,0.0,1.0,0.0,0.0,0.0,1.0,0.0,0.0
2015-03-31,22.38,3,0.6,-7.833,0.0,0.0,1.0,1.0,0.0,0.0,0.0,0.0,0.0,1.0,0.0
2015-04-04,108.4,2,0.0,22.764,0.0,0.0,1.0,0.0,1.0,1.0,0.0,0.0,0.0,1.0,0.0
2015-04-05,1799.394,13,1.1,-188.2696,0.0,0.0,4.0,1.0,3.0,3.0,0.0,1.0,1.0,2.0,0.0
2015-04-09,369.912,3,0.2,-13.8717,0.0,0.0,1.0,0.0,0.0,0.0,0.0,1.0,0.0,0.0,1.0
2015-04-11,121.888,5,0.4,24.4176,0.0,0.0,2.0,0.0,0.0,0.0,2.0,0.0,0.0,2.0,0.0
2015-04-13,1811.432,13,1.0,-255.58780000000002,0.0,1.0,4.0,1.0,0.0,0.0,0.0,3.0,0.0,1.0,4.0
2015-04-16,1847.8839999999998,18,0.1,248.10760000000002,0.0,0.0,1.0,1.0,0.0,1.0,2.0,0.0,1.0,1.0,0.0
2015-04-18,152.83599999999998,4,0.3,-0.19010000000000238,0.0,1.0,2.0,1.0,0.0,0.0,0.0,0.0,2.0,1.0,0.0
2015-04-20,595.38,6,0.0,297.69,0.0,0.0,1.0,1.0,0.0,0.0,1.0,0.0,0.0,1.0,0.0
2015-04-21,401.84000000000003,5,0.0,87.50880000000001,0.0,0.0,2.0,0.0,0.0,0.0,2.0,0.0,1.0,1.0,0.0
2015-04-25,128.058,3,0.3,-23.7822,0.0,0.0,1.0,0.0,0.0,0.0,0.0,0.0,1.0,0.0,0.0
2015-04-26,1592.8495,16,1.35,-189.22539999999998,0.0,0.0,5.0,1.0,0.0,0.0,3.0,1.0,3.0,1.0,1.0
2015-04-27,1267.53,3,0.0,316.8825,0.0,0.0,1.0,0.0,0.0,1.0,0.0,0.0,1.0,0.0,0.0
2015-04-30,278.295,16,0.3,12.2065,0.0,0.0,4.0,3.0,1.0,3.0,0.0,0.0,1.0,3.0,0.0
2015-05-01,63.552,3,0.2,14.2992,0.0,0.0,1.0,1.0,0.0,0.0,1.0,0.0,0.0,1.0,0.0
2015-05-03,1509.996,12,0.3,70.3644,0.0,0.0,2.0,0.0,1.0,1.0,0.0,1.0,1.0,1.0,0.0
2015-05-04,49.088,9,0.6,3.9488000000000003,0.0,1.0,0.0,2.0,0.0,1.0,0.0,0.0,0.0,2.0,0.0
2015-05-07,244.006,2,0.3,-31.3722,0.0,0.0,1.0,0.0,0.0,0.0,0.0,0.0,0.0,0.0,1.0
2015-05-08,339.51599999999996,14,0.30000000000000004,63.8904,0.0,0.0,4.0,1.0,0.0,3.0,0.0,0.0,1.0,3.0,0.0
2015-05-11,191.968,7,0.2,16.7972,0.0,1.0,0.0,0.0,1.0,0.0,0.0,1.0,1.0,0.0,0.0
2015-05-12,21.968,4,0.6,-15.9268,0.0,0.0,1.0,0.0,0.0,0.0,0.0,0.0,0.0,1.0,0.0
2015-05-14,1452.7875,13,0.55,151.5779,0.0,0.0,4.0,4.0,0.0,0.0,0.0,4.0,2.0,1.0,0.0
2015-05-20,163.136,4,0.2,20.392,0.0,0.0,1.0,0.0,0.0,0.0,1.0,0.0,0.0,1.0,0.0
2015-05-23,75.33,9,0.0,19.5858,0.0,1.0,0.0,0.0,1.0,0.0,0.0,0.0,0.0,1.0,0.0
2015-05-24,602.651,7,0.3,-163.5767,0.0,1.0,0.0,0.0,0.0,0.0,0.0,0.0,1.0,0.0,0.0
2015-05-25,14.73,3,0.0,4.8609,0.0,1.0,0.0,0.0,1.0,0.0,0.0,1.0,0.0,1.0,0.0
2015-05-26,230.856,7,0.6,-25.2896,0.0,2.0,1.0,0.0,0.0,0.0,0.0,1.0,2.0,1.0,0.0
2015-05-29,358.626,7,0.5,-90.2154,0.0,0.0,0.0,2.0,0.0,2.0,0.0,0.0,1.0,1.0,0.0
2015-05-31,1488.8999999999999,17,0.6,90.89680000000001,0.0,2.0,2.0,2.0,1.0,2.0,0.0,1.0,0.0,3.0,0.0
2015-06-04,35.28,3,0.0,11.9952,0.0,1.0,0.0,0.0,1.0,1.0,0.0,0.0,0.0,1.0,0.0
2015-06-05,1522.638,9,0.1,169.182,0.0,0.0,1.0,1.0,0.0,1.0,0.0,0.0,1.0,0.0,0.0
2015-06-08,173.208,7,0.2,45.4671,0.0,0.0,1.0,1.0,0.0,0.0,1.0,0.0,0.0,1.0,0.0
2015-06-09,355.36,4,0.0,92.3936,0.0,1.0,0.0,0.0,0.0,0.0,0.0,1.0,0.0,1.0,0.0
2015-06-11,1201.752,10,0.4,-164.547,0.0,0.0,1.0,2.0,0.0,0.0,3.0,0.0,1.0,2.0,0.0
2015-06-12,43.296,2,0.2,4.3296,0.0,0.0,1.0,0.0,0.0,1.0,0.0,0.0,0.0,1.0,0.0
2015-06-14,51.072,6,0.2,5.1072,0.0,0.0,1.0,0.0,1.0,1.0,0.0,0.0,0.0,1.0,0.0
2015-06-15,404.96000000000004,10,0.4,-25.4,0.0,0.0,2.0,0.0,0.0,0.0,0.0,2.0,0.0,2.0,0.0
2015-06-16,197.372,2,0.3,-25.3764,0.0,0.0,1.0,0.0,0.0,0.0,0.0,0.0,1.0,0.0,0.0
2015-06-18,779.336,12,0.4,96.4672,0.0,0.0,2.0,1.0,1.0,0.0,2.0,1.0,1.0,2.0,0.0
2015-06-19,12.56,2,0.0,4.0192,0.0,0.0,1.0,0.0,0.0,0.0,0.0,1.0,0.0,1.0,0.0
2015-06-20,257.64,6,0.0,100.4796,0.0,1.0,0.0,1.0,0.0,0.0,0.0,1.0,0.0,1.0,0.0
2015-06-22,796.425,7,0.5,-525.6405,0.0,0.0,0.0,0.0,1.0,0.0,0.0,0.0,0.0,0.0,1.0
2015-06-23,27.42,3,0.0,9.3228,0.0,0.0,1.0,1.0,0.0,0.0,1.0,0.0,0.0,1.0,0.0
2015-06-25,280.234,14,0.6,36.627399999999994,0.0,0.0,1.0,0.0,0.0,0.0,0.0,1.0,0.0,2.0,0.0
2015-06-26,332.94,3,0.0,79.9056,0.0,0.0,1.0,0.0,0.0,0.0,1.0,0.0,1.0,0.0,0.0
2015-06-28,1104.7,10,0.7,-330.0612,0.0,1.0,1.0,2.0,0.0,1.0,0.0,1.0,0.0,1.0,0.0
2015-06-29,137.986,2,0.30000000000000004,3.0689,0.0,0.0,1.0,0.0,0.0,2.0,0.0,0.0,1.0,1.0,0.0
2015-07-02,950.378,18,0.8,-52.6802,0.0,0.0,2.0,1.0,0.0,0.0,1.0,0.0,2.0,1.0,0.0
2015-07-03,522.332,12,0.4,32.065,0.0,0.0,1.0,2.0,0.0,2.0,1.0,0.0,1.0,2.0,0.0
2015-07-05,9.856,4,0.4,1.4784,0.0,1.0,1.0,2.0,0.0,0.0,2.0,0.0,0.0,2.0,0.0
2015-07-06,642.092,10,0.2,113.94380000000001,0.0,0.0,4.0,2.0,1.0,3.0,0.0,1.0,1.0,2.0,0.0
2015-07-09,181.96,2,0.0,20.0156,0.0,0.0,1.0,0.0,0.0,1.0,0.0,0.0,0.0,1.0,0.0
2015-07-11,856.4680000000001,25,1.0,-70.57860000000001,0.0,0.0,0.0,1.0,0.0,4.0,0.0,0.0,1.0,2.0,1.0
2015-07-12,391.367,10,0.8999999999999999,-7.6141000000000005,0.0,2.0,0.0,0.0,0.0,0.0,0.0,0.0,1.0,1.0,0.0
2015-07-13,1931.04,9,0.1,321.84,0.0,1.0,0.0,0.0,0.0,1.0,0.0,0.0,1.0,0.0,0.0
2015-07-14,569.684,8,0.8999999999999999,-141.92999999999998,0.0,2.0,0.0,0.0,0.0,0.0,0.0,2.0,1.0,0.0,0.0
2015-07-16,2199.8360000000002,10,0.4,-96.6131,2.0,0.0,1.0,2.0,1.0,1.0,0.0,2.0,3.0,0.0,0.0
2015-07-17,427.38599999999997,7,0.35,-7.999599999999999,0.0,2.0,0.0,1.0,0.0,0.0,1.0,1.0,0.0,0.0,0.0
2015-07-18,7.38,1,0.0,2.1402,0.0,1.0,0.0,0.0,0.0,1.0,0.0,0.0,0.0,1.0,0.0
2015-07-20,1298.374,9,0.6,-178.67759999999998,0.0,0.0,2.0,0.0,0.0,0.0,0.0,0.0,0.0,0.0,0.0
2015-07-23,128.82,3,0.0,50.2398,0.0,0.0,1.0,0.0,1.0,1.0,0.0,0.0,0.0,1.0,0.0
2015-07-24,20.94,3,0.0,6.0726,0.0,0.0,1.0,0.0,1.0,0.0,1.0,0.0,0.0,1.0,0.0
2015-07-25,1625.0479999999998,9,0.2,123.91420000000001,0.0,2.0,1.0,1.0,0.0,0.0,1.0,2.0,1.0,0.0,1.0
2015-07-26,659.517,6,0.7,-191.1282,0.0,0.0,1.0,1.0,0.0,0.0,0.0,2.0,1.0,0.0,1.0
2015-07-30,161.16,9,0.0,41.2932,0.0,0.0,0.0,0.0,1.0,0.0,0.0,1.0,1.0,1.0,0.0
2015-07-31,1090.782,7,0.4,-290.8752,1.0,0.0,0.0,0.0,0.0,1.0,0.0,0.0,0.0,0.0,1.0
2015-08-01,1004.976,6,0.2,-175.8708,0.0,0.0,1.0,0.0,1.0,0.0,0.0,1.0,0.0,0.0,1.0
2015-08-02,388.48,5,0.5,-173.16279999999998,0.0,1.0,1.0,0.0,1.0,1.0,0.0,1.0,1.0,0.0,1.0
2015-08-05,14.76,5,0.6,-11.439,0.0,0.0,1.0,1.0,0.0,0.0,0.0,0.0,0.0,1.0,0.0
2015-08-06,369.1992,3,0.32,-114.0174,0.0,0.0,1.0,1.0,0.0,0.0,0.0,0.0,0.0,0.0,0.0
2015-08-07,212.94,3,0.0,34.0704,0.0,0.0,0.0,0.0,0.0,0.0,0.0,0.0,0.0,1.0,0.0
2015-08-08,144.784,1,0.2,10.8588,1.0,0.0,0.0,0.0,0.0,0.0,0.0,1.0,1.0,0.0,0.0
2015-08-09,1755.8760000000002,27,0.4,57.64579999999999,0.0,1.0,2.0,2.0,1.0,4.0,0.0,0.0,0.0,3.0,2.0
2015-08-11,46.152,3,0.2,12.1149,0.0,0.0,1.0,0.0,0.0,0.0,1.0,0.0,0.0,1.0,0.0
2015-08-13,31.56,3,0.0,10.4148,1.0,0.0,0.0,0.0,0.0,0.0,0.0,1.0,0.0,1.0,0.0
2015-08-15,104.23,7,0.0,28.1421,0.0,0.0,1.0,0.0,0.0,0.0,0.0,1.0,0.0,1.0,0.0
2015-08-16,555.822,6,0.7,-204.9996,0.0,0.0,2.0,1.0,0.0,2.0,0.0,0.0,0.0,1.0,0.0
2015-08-21,1754.848,13,0.85,28.650000000000002,0.0,0.0,3.0,3.0,1.0,2.0,0.0,2.0,2.0,1.0,0.0
2015-08-24,1218.059,10,0.7,-189.3378,0.0,1.0,2.0,1.0,0.0,2.0,0.0,0.0,0.0,1.0,2.0
2015-08-25,68.768,8,1.4,-15.9376,2.0,0.0,1.0,0.0,1.0,0.0,0.0,1.0,1.0,2.0,0.0
2015-08-28,415.307,5,0.44999999999999996,14.442700000000002,0.0,0.0,3.0,1.0,0.0,0.0,0.0,2.0,0.0,1.0,1.0
2015-08-31,1552.831,7,0.15,200.9546,0.0,0.0,0.0,1.0,0.0,0.0,0.0,1.0,0.0,0.0,0.0
2015-09-01,185.1,3,0.0,42.544200000000004,0.0,0.0,2.0,0.0,2.0,2.0,0.0,0.0,1.0,1.0,0.0
2015-09-03,367.72,5,0.4,76.3502,0.0,0.0,2.0,1.0,1.0,0.0,0.0,2.0,1.0,1.0,0.0
2015-09-05,778.651,13,0.3,-10.346000000000002,0.0,0.0,4.0,1.0,1.0,0.0,1.0,2.0,0.0,2.0,0.0
2015-09-06,549.5640000000001,6,0.1,157.5566,0.0,1.0,2.0,0.0,2.0,1.0,1.0,1.0,1.0,1.0,1.0
2015-09-07,556.106,7,1.1,-136.4943,1.0,0.0,2.0,1.0,0.0,2.0,0.0,0.0,1.0,0.0,2.0
2015-09-08,21.36,8,0.0,8.1168,0.0,0.0,1.0,1.0,0.0,0.0,1.0,0.0,0.0,1.0,0.0
2015-09-10,648.526,9,0.3,113.75179999999999,0.0,0.0,3.0,3.0,0.0,1.0,0.0,1.0,1.0,1.0,0.0
2015-09-11,244.23999999999998,10,0.2,58.492,0.0,1.0,1.0,2.0,1.0,2.0,0.0,1.0,0.0,3.0,0.0
2015-09-13,2917.822,32,0.5,559.1614999999999,0.0,1.0,2.0,4.0,0.0,0.0,1.0,4.0,3.0,4.0,0.0
2015-09-14,1082.886,8,0.2,110.1507,0.0,0.0,2.0,1.0,0.0,0.0,0.0,2.0,0.0,0.0,2.0
2015-09-15,1976.884,15,0.6000000000000001,508.5934,2.0,1.0,2.0,3.0,0.0,1.0,4.0,0.0,1.0,2.0,1.0
2015-09-17,2694.04,14,1.5,-114.33120000000001,0.0,0.0,5.0,1.0,1.0,4.0,0.0,0.0,1.0,2.0,1.0
2015-09-18,24.4,2,0.0,10.248,0.0,0.0,1.0,1.0,0.0,0.0,0.0,1.0,0.0,1.0,0.0
2015-09-19,122.80000000000001,5,0.0,23.806,0.0,1.0,1.0,0.0,2.0,0.0,1.0,1.0,0.0,1.0,0.0
2015-09-21,3119.064,21,0.8,607.7882,1.0,0.0,3.0,2.0,3.0,2.0,1.0,1.0,3.0,2.0,0.0
2015-09-22,252.57999999999998,4,0.0,64.2314,1.0,1.0,0.0,0.0,1.0,0.0,1.0,1.0,0.0,2.0,0.0
2015-09-24,1940.51,19,0.0,554.1401,0.0,0.0,3.0,1.0,1.0,0.0,1.0,1.0,2.0,1.0,0.0
2015-09-25,1454.3480000000002,8,0.30000000000000004,235.58610000000002,1.0,0.0,2.0,1.0,0.0,1.0,0.0,2.0,2.0,0.0,1.0
2015-09-27,24.288,3,0.6,-12.7512,0.0,0.0,0.0,0.0,0.0,0.0,0.0,0.0,0.0,1.0,0.0
2015-10-02,11.032,1,0.2,3.0338,0.0,0.0,0.0,0.0,0.0,0.0,0.0,1.0,0.0,1.0,0.0
2015-10-03,156.156,3,0.65,2.839199999999998,0.0,1.0,1.0,0.0,0.0,1.0,0.0,1.0,0.0,0.0,0.0
2015-10-04,457.884,6,0.2,49.7178,0.0,1.0,1.0,1.0,1.0,1.0,1.0,0.0,1.0,1.0,0.0
2015-10-05,357.462,5,0.8999999999999999,-118.41900000000001,0.0,0.0,2.0,0.0,0.0,0.0,0.0,2.0,1.0,0.0,0.0
2015-10-08,218.68,8,0.6,-8.223499999999994,0.0,0.0,2.0,1.0,0.0,0.0,0.0,1.0,0.0,2.0,0.0
2015-10-09,389.97,3,0.0,35.0973,0.0,0.0,1.0,0.0,0.0,0.0,0.0,0.0,1.0,0.0,0.0
2015-10-10,362.136,3,0.2,-54.3204,0.0,0.0,0.0,1.0,0.0,0.0,0.0,1.0,1.0,0.0,0.0
2015-10-11,957.5775,5,0.45,-383.031,0.0,0.0,1.0,0.0,0.0,0.0,1.0,0.0,0.0,0.0,1.0
2015-10-12,1735.158,8,0.8,145.3904,0.0,1.0,0.0,0.0,2.0,3.0,0.0,0.0,0.0,0.0,1.0
2015-10-13,287.94,3,0.0,77.7438,0.0,0.0,1.0,0.0,0.0,0.0,1.0,0.0,1.0,0.0,0.0
2015-10-15,2601.946,13,0.8999999999999999,-439.5672,3.0,0.0,0.0,0.0,0.0,0.0,0.0,0.0,1.0,2.0,0.0
2015-10-18,10.11,3,0.0,3.2352,0.0,0.0,1.0,0.0,0.0,0.0,0.0,1.0,0.0,1.0,0.0
2015-10-20,455.55600000000004,16,0.2,57.369,0.0,0.0,3.0,1.0,0.0,0.0,0.0,3.0,0.0,2.0,1.0
2015-10-23,1275.104,11,0.6000000000000001,86.003,0.0,3.0,0.0,0.0,0.0,0.0,0.0,3.0,3.0,0.0,0.0
2015-10-24,801.633,15,0.5,-143.2914,0.0,0.0,1.0,1.0,1.0,0.0,0.0,1.0,1.0,0.0,1.0
2015-10-25,1126.612,16,0.4,14.922200000000007,1.0,0.0,2.0,2.0,0.0,1.0,0.0,2.0,2.0,0.0,1.0
2015-10-28,57.21,12,0.0,22.0709,0.0,0.0,2.0,0.0,0.0,0.0,2.0,0.0,0.0,2.0,0.0
2015-10-30,15.488,4,0.2,3.6784,0.0,1.0,0.0,1.0,0.0,0.0,0.0,1.0,0.0,1.0,0.0
2015-10-31,748.969,5,0.35,40.235200000000006,2.0,0.0,0.0,0.0,0.0,0.0,0.0,2.0,1.0,0.0,0.0
2015-11-01,1094.388,13,0.2,187.2862,0.0,1.0,3.0,0.0,0.0,3.0,1.0,0.0,2.0,1.0,1.0
2015-11-02,4379.385,27,0.55,617.6584,0.0,0.0,4.0,0.0,1.0,2.0,0.0,3.0,2.0,1.0,1.0
2015-11-03,1491.4199999999998,13,0.1,225.888,0.0,0.0,1.0,1.0,1.0,1.0,0.0,1.0,1.0,1.0,0.0
2015-11-05,207.0,3,0.2,25.875,0.0,0.0,1.0,1.0,0.0,0.0,1.0,0.0,1.0,0.0,0.0
2015-11-07,970.88,9,0.8,106.27200000000002,0.0,2.0,1.0,1.0,0.0,1.0,0.0,1.0,2.0,1.0,0.0
2015-11-08,847.526,12,0.30000000000000004,184.7409,2.0,1.0,2.0,3.0,0.0,2.0,2.0,1.0,1.0,4.0,0.0
2015-11-09,1024.38,7,0.0,215.1198,0.0,0.0,1.0,0.0,0.0,0.0,0.0,0.0,0.0,0.0,1.0
2015-11-10,29.22,3,0.0,12.8568,0.0,0.0,1.0,0.0,1.0,0.0,0.0,0.0,0.0,1.0,0.0
2015-11-12,670.0559999999999,8,0.4,-55.5987,0.0,0.0,2.0,2.0,0.0,0.0,2.0,0.0,2.0,0.0,0.0
2015-11-13,1781.1372000000001,29,1.27,9.218400000000003,1.0,0.0,5.0,0.0,1.0,1.0,0.0,3.0,0.0,3.0,0.0
2015-11-14,1190.332,10,0.4,146.23680000000002,0.0,0.0,3.0,0.0,0.0,1.0,0.0,2.0,2.0,1.0,0.0
2015-11-15,39.96,2,0.0,14.3856,0.0,0.0,1.0,0.0,1.0,0.0,1.0,0.0,0.0,1.0,0.0
2015-11-16,1784.164,16,0.6,368.2398,0.0,3.0,2.0,2.0,3.0,0.0,0.0,1.0,0.0,2.0,3.0
2015-11-17,1667.0280000000002,14,0.2,431.2682,0.0,0.0,4.0,0.0,0.0,0.0,0.0,3.0,2.0,2.0,0.0
2015-11-19,141.96,2,0.0,22.7136,0.0,1.0,0.0,0.0,1.0,0.0,0.0,1.0,0.0,1.0,0.0
2015-11-20,1656.7,28,1.7999999999999998,-308.4986,0.0,1.0,7.0,1.0,2.0,3.0,1.0,4.0,2.0,3.0,0.0
2015-11-21,2055.7748,20,1.22,-521.6124,0.0,2.0,2.0,1.0,0.0,2.0,1.0,1.0,1.0,1.0,1.0
2015-11-22,206.962,2,0.3,-32.5226,0.0,0.0,1.0,0.0,1.0,0.0,0.0,0.0,0.0,0.0,1.0
2015-11-24,79.76,4,0.0,22.3328,0.0,0.0,1.0,0.0,0.0,0.0,0.0,1.0,0.0,1.0,0.0
2015-11-26,692.472,11,0.2,190.4298,0.0,0.0,1.0,1.0,0.0,0.0,1.0,0.0,0.0,1.0,0.0
2015-11-27,1315.3955,16,0.95,-102.1019,0.0,3.0,2.0,0.0,3.0,3.0,1.0,1.0,1.0,1.0,2.0
2015-11-28,625.962,25,1.4,-88.60180000000001,0.0,0.0,5.0,2.0,0.0,3.0,0.0,0.0,0.0,5.0,0.0
2015-11-29,1408.8700000000001,11,0.0,209.3285,0.0,0.0,2.0,2.0,0.0,0.0,0.0,0.0,2.0,0.0,0.0
2015-11-30,1115.2,20,0.6000000000000001,97.98240000000001,0.0,1.0,1.0,1.0,0.0,1.0,2.0,1.0,0.0,3.0,0.0
2015-12-01,6600.68,27,1.0,790.7134000000001,1.0,2.0,1.0,0.0,3.0,0.0,0.0,3.0,2.0,1.0,1.0
2015-12-03,440.411,7,0.55,-16.1616,0.0,0.0,3.0,1.0,0.0,1.0,1.0,1.0,0.0,2.0,0.0
2015-12-04,1200.268,28,0.30000000000000004,140.5482,0.0,2.0,4.0,1.0,0.0,4.0,0.0,2.0,3.0,3.0,0.0
2015-12-05,306.53,7,0.30000000000000004,38.437799999999996,0.0,1.0,1.0,2.0,0.0,1.0,1.0,1.0,2.0,1.0,0.0
2015-12-06,390.718,11,0.5,66.8668,1.0,0.0,2.0,0.0,0.0,2.0,0.0,1.0,1.0,2.0,0.0
2015-12-07,363.84000000000003,8,0.0,99.75120000000001,0.0,0.0,2.0,0.0,0.0,0.0,1.0,1.0,1.0,1.0,0.0
2015-12-10,1536.8600000000001,7,0.0,374.2876,0.0,0.0,3.0,3.0,0.0,1.0,0.0,0.0,2.0,0.0,1.0
2015-12-11,541.862,23,1.5999999999999999,-365.9028,0.0,0.0,4.0,0.0,0.0,0.0,0.0,4.0,0.0,2.0,1.0
2015-12-12,515.428,5,0.2,56.537800000000004,0.0,0.0,2.0,0.0,0.0,0.0,0.0,2.0,1.0,1.0,0.0
2015-12-14,324.188,10,0.2,30.2684,0.0,1.0,3.0,2.0,1.0,0.0,1.0,3.0,0.0,3.0,1.0
2015-12-15,262.864,7,0.2,69.0018,0.0,0.0,0.0,0.0,0.0,1.0,0.0,0.0,0.0,1.0,0.0
2015-12-17,1245.642,19,0.6,218.68449999999996,4.0,0.0,1.0,0.0,0.0,0.0,0.0,0.0,3.0,2.0,0.0
2015-12-18,20.32,5,0.2,3.556,0.0,0.0,1.0,1.0,0.0,0.0,1.0,0.0,0.0,1.0,0.0
2015-12-19,1053.164,4,0.3,-105.3164,0.0,1.0,0.0,0.0,1.0,1.0,0.0,0.0,0.0,0.0,1.0
2015-12-20,373.426,5,0.5,-67.8604,0.0,0.0,2.0,0.0,0.0,0.0,0.0,1.0,0.0,1.0,0.0
2015-12-21,1670.126,16,0.6,322.40000000000003,0.0,2.0,0.0,0.0,1.0,0.0,0.0,1.0,0.0,1.0,1.0
2015-12-22,422.625,7,0.3,0.0,0.0,0.0,0.0,1.0,0.0,1.0,0.0,0.0,1.0,0.0,0.0
2015-12-24,1563.9940000000001,19,1.3,-662.7168,0.0,0.0,4.0,2.0,0.0,1.0,0.0,3.0,1.0,3.0,0.0
2015-12-25,1433.5639999999999,13,0.4,55.631,0.0,1.0,3.0,2.0,0.0,2.0,1.0,0.0,0.0,2.0,0.0
2015-12-26,326.646,4,0.7,-105.8526,0.0,0.0,2.0,0.0,1.0,1.0,0.0,0.0,1.0,0.0,1.0
2015-12-27,2477.9031999999997,20,1.42,-502.6208,0.0,0.0,5.0,3.0,2.0,1.0,2.0,0.0,1.0,1.0,1.0
2015-12-31,14.76,5,0.6,-11.439,0.0,0.0,1.0,0.0,0.0,0.0,0.0,0.0,0.0,1.0,0.0
2016-01-02,173.94,3,0.0,38.2668,0.0,0.0,1.0,1.0,0.0,1.0,0.0,0.0,0.0,0.0,0.0
2016-01-03,1592.85,7,0.0,350.427,0.0,0.0,1.0,1.0,0.0,0.0,0.0,0.0,0.0,0.0,1.0
2016-01-07,23.076,3,0.6,-10.9611,0.0,0.0,1.0,0.0,0.0,0.0,0.0,0.0,0.0,1.0,0.0
2016-01-08,1565.88,6,0.0,407.1288,0.0,0.0,1.0,1.0,0.0,0.0,0.0,0.0,0.0,0.0,0.0
2016-01-09,15.168,2,0.2,3.792,0.0,1.0,0.0,1.0,0.0,1.0,0.0,0.0,0.0,1.0,0.0
2016-01-10,104.77000000000001,9,0.0,42.0691,0.0,1.0,1.0,1.0,0.0,0.0,0.0,2.0,0.0,2.0,0.0
2016-01-11,54.992,14,0.2,8.9362,0.0,0.0,1.0,0.0,1.0,1.0,0.0,0.0,0.0,1.0,0.0
2016-01-14,315.776,8,0.2,31.5776,0.0,0.0,1.0,0.0,0.0,0.0,1.0,0.0,0.0,1.0,0.0
2016-01-15,181.797,1,0.3,-15.5826,1.0,0.0,0.0,0.0,0.0,1.0,0.0,0.0,0.0,0.0,1.0
2016-01-17,322.59,3,0.0,64.518,0.0,0.0,1.0,0.0,1.0,1.0,0.0,0.0,0.0,1.0,0.0
2016-01-21,1167.056,9,0.4,70.25280000000001,0.0,2.0,0.0,0.0,0.0,0.0,0.0,2.0,2.0,0.0,0.0
2016-01-22,575.308,17,0.4,-26.0228,0.0,0.0,3.0,1.0,0.0,0.0,2.0,1.0,0.0,2.0,0.0
2016-01-23,59.99,7,0.0,21.5964,0.0,0.0,1.0,0.0,0.0,0.0,0.0,1.0,0.0,1.0,0.0
2016-01-25,359.702,4,0.4,-91.5287,0.0,2.0,0.0,2.0,0.0,2.0,0.0,0.0,0.0,1.0,1.0
2016-01-30,1109.848,8,0.7,-590.5088000000001,0.0,2.0,1.0,0.0,0.0,0.0,0.0,2.0,1.0,0.0,1.0
2016-02-02,92.474,9,0.6,-70.37100000000001,0.0,1.0,1.0,1.0,0.0,0.0,1.0,0.0,0.0,2.0,0.0
2016-02-03,866.4,4,0.0,225.264,0.0,0.0,1.0,0.0,0.0,0.0,1.0,0.0,1.0,0.0,0.0
2016-02-04,14.368,2,0.2,3.9512,0.0,0.0,1.0,0.0,0.0,0.0,0.0,1.0,0.0,1.0,0.0
2016-02-05,816.5479999999999,9,0.2,66.9264,2.0,0.0,1.0,0.0,2.0,0.0,2.0,1.0,0.0,1.0,1.0
2016-02-06,132.224,4,0.2,-18.1808,0.0,0.0,1.0,1.0,0.0,0.0,1.0,0.0,0.0,1.0,0.0
2016-02-08,241.5,4,0.3,0.0,0.0,0.0,1.0,1.0,0.0,0.0,0.0,0.0,1.0,0.0,0.0
2016-02-14,560.991,9,0.3,-42.5334,0.0,0.0,0.0,0.0,0.0,2.0,0.0,0.0,0.0,1.0,1.0
2016-02-16,935.644,12,0.4,108.6876,0.0,0.0,4.0,1.0,0.0,2.0,1.0,0.0,3.0,1.0,0.0
2016-02-19,44.46,2,0.0,14.6718,0.0,0.0,1.0,0.0,0.0,1.0,0.0,0.0,0.0,1.0,0.0
2016-02-21,204.75,12,0.0,95.501,0.0,0.0,1.0,2.0,0.0,2.0,0.0,0.0,0.0,2.0,0.0
2016-02-27,16.192,2,0.6,-6.8816,0.0,0.0,1.0,0.0,0.0,0.0,0.0,0.0,0.0,1.0,0.0
2016-03-01,836.592,8,0.4,-264.9208,0.0,0.0,1.0,0.0,0.0,1.0,0.0,0.0,0.0,0.0,1.0
2016-03-03,1236.6059999999998,11,0.6,-171.92700000000002,1.0,0.0,1.0,2.0,0.0,0.0,0.0,1.0,1.0,1.0,1.0
2016-03-06,305.02,7,1.1,-294.09040000000005,0.0,0.0,2.0,0.0,0.0,0.0,0.0,0.0,0.0,1.0,1.0
2016-03-08,215.95999999999998,11,0.2,40.465500000000006,0.0,0.0,2.0,0.0,0.0,1.0,1.0,0.0,0.0,2.0,0.0
2016-03-09,354.9,5,0.0,88.725,0.0,0.0,0.0,0.0,0.0,1.0,0.0,0.0,1.0,0.0,0.0
2016-03-10,176.784,1,0.2,-22.098,0.0,0.0,1.0,0.0,0.0,1.0,0.0,0.0,0.0,0.0,0.0
2016-03-11,351.262,10,0.5,9.645,1.0,0.0,2.0,0.0,2.0,2.0,1.0,0.0,0.0,2.0,1.0
2016-03-12,770.352,3,0.2,77.0352,0.0,1.0,0.0,1.0,0.0,0.0,0.0,1.0,1.0,0.0,0.0
2016-03-13,1100.4250000000002,11,0.6,42.7504,0.0,2.0,2.0,2.0,1.0,1.0,1.0,1.0,1.0,2.0,1.0
2016-03-14,476.736,14,0.72,-25.691300000000002,0.0,0.0,2.0,2.0,0.0,1.0,0.0,1.0,1.0,2.0,0.0
2016-03-15,1880.462,9,0.5,-58.929000000000016,0.0,0.0,1.0,2.0,0.0,0.0,0.0,1.0,2.0,0.0,0.0
2016-03-17,971.5,5,0.0,252.59,1.0,0.0,0.0,0.0,0.0,1.0,0.0,0.0,0.0,1.0,0.0
2016-03-18,189.882,3,0.4,-94.941,0.0,1.0,0.0,0.0,0.0,0.0,1.0,0.0,0.0,0.0,1.0
2016-03-19,107.594,6,0.7,-85.0022,0.0,3.0,0.0,0.0,0.0,2.0,0.0,1.0,0.0,2.0,0.0
2016-03-20,783.61,11,0.0,184.4416,0.0,1.0,1.0,1.0,1.0,0.0,1.0,0.0,0.0,1.0,1.0
2016-03-21,627.8019999999999,7,0.6,-1.4196,0.0,0.0,2.0,1.0,0.0,0.0,0.0,0.0,1.0,0.0,1.0
2016-03-22,167.888,7,0.2,14.6902,1.0,0.0,0.0,0.0,0.0,0.0,0.0,1.0,1.0,0.0,0.0
2016-03-24,301.47,3,0.5,-241.176,0.0,1.0,0.0,0.0,0.0,1.0,0.0,0.0,0.0,0.0,0.0
2016-03-27,60.16,5,0.0,19.8808,0.0,0.0,2.0,2.0,0.0,0.0,2.0,0.0,0.0,2.0,0.0
2016-03-29,1558.091,19,0.8,-79.96239999999999,0.0,1.0,2.0,0.0,1.0,2.0,0.0,0.0,1.0,1.0,0.0
2016-03-31,327.996,6,0.1,54.666,0.0,0.0,1.0,0.0,0.0,1.0,0.0,0.0,1.0,0.0,0.0
2016-04-01,1324.532,10,0.1,295.8736,0.0,1.0,1.0,0.0,1.0,1.0,1.0,0.0,1.0,1.0,0.0
2016-04-02,1454.9,5,0.0,378.274,0.0,1.0,0.0,1.0,0.0,0.0,0.0,0.0,1.0,0.0,0.0
2016-04-03,71.12,4,0.0,22.0472,0.0,0.0,1.0,0.0,0.0,0.0,0.0,0.0,0.0,1.0,0.0
2016-04-04,82.64,2,0.0,7.4376,0.0,1.0,0.0,0.0,1.0,1.0,0.0,0.0,0.0,1.0,0.0
2016-04-07,658.746,3,0.1,146.388,0.0,0.0,1.0,1.0,0.0,1.0,0.0,0.0,1.0,0.0,0.0
2016-04-08,1024.208,24,0.5,122.11059999999999,0.0,0.0,4.0,0.0,1.0,1.0,2.0,1.0,1.0,2.0,0.0
2016-04-09,556.665,5,0.15,6.549,0.0,0.0,1.0,0.0,0.0,0.0,0.0,1.0,0.0,0.0,0.0
2016-04-12,1176.56,14,0.4,7.307000000000002,0.0,0.0,2.0,0.0,0.0,0.0,1.0,2.0,2.0,0.0,1.0
2016-04-14,1317.336,9,0.4,143.4028,1.0,0.0,1.0,0.0,0.0,0.0,0.0,2.0,2.0,0.0,0.0
2016-04-15,1121.568,2,0.2,0.0,0.0,1.0,0.0,0.0,0.0,0.0,0.0,1.0,1.0,0.0,0.0
2016-04-16,9.96,2,0.0,3.2868,0.0,0.0,1.0,1.0,0.0,1.0,0.0,0.0,0.0,1.0,0.0
2016-04-17,355.24300000000005,16,0.55,44.3668,0.0,1.0,2.0,1.0,1.0,0.0,2.0,1.0,0.0,2.0,0.0
2016-04-18,472.252,9,0.8999999999999999,-160.6094,0.0,0.0,2.0,2.0,0.0,0.0,0.0,0.0,1.0,1.0,0.0
2016-04-19,205.176,2,0.4,-58.1332,0.0,0.0,1.0,0.0,1.0,1.0,0.0,0.0,0.0,0.0,1.0
2016-04-22,1414.3700000000001,16,0.7,-788.3384,0.0,1.0,3.0,0.0,3.0,0.0,0.0,3.0,0.0,3.0,1.0
2016-04-24,1325.76,6,0.2,149.148,0.0,0.0,1.0,0.0,1.0,0.0,0.0,1.0,1.0,0.0,0.0
2016-04-26,434.646,3,0.1,62.7822,0.0,0.0,1.0,0.0,1.0,1.0,0.0,0.0,1.0,0.0,0.0
2016-04-28,71.912,4,0.8,-29.2632,0.0,1.0,1.0,1.0,0.0,0.0,0.0,1.0,1.0,1.0,0.0
2016-04-30,134.496,10,0.8,12.204,0.0,0.0,2.0,1.0,1.0,0.0,0.0,1.0,0.0,2.0,0.0
2016-05-01,370.62,3,0.4,-142.071,0.0,0.0,0.0,0.0,0.0,0.0,1.0,0.0,0.0,0.0,1.0
2016-05-02,781.06,20,0.5,-10.579999999999997,0.0,0.0,4.0,2.0,0.0,2.0,1.0,0.0,2.0,2.0,0.0
2016-05-03,51.968,2,0.2,10.3936,0.0,0.0,0.0,0.0,0.0,1.0,0.0,0.0,0.0,1.0,0.0
2016-05-05,2072.464,16,0.6000000000000001,329.3534,0.0,1.0,1.0,1.0,0.0,0.0,1.0,3.0,0.0,1.0,3.0
2016-05-06,96.31200000000001,11,0.2,25.7703,0.0,0.0,2.0,0.0,1.0,1.0,0.0,1.0,0.0,2.0,0.0
2016-05-07,506.444,12,0.1,87.0544,0.0,0.0,2.0,0.0,0.0,2.0,0.0,0.0,1.0,1.0,0.0
2016-05-08,211.96,2,0.0,42.392,0.0,1.0,0.0,1.0,0.0,1.0,0.0,0.0,0.0,1.0,0.0
2016-05-12,10.02,3,0.0,4.4088,0.0,0.0,1.0,1.0,0.0,1.0,0.0,0.0,0.0,1.0,0.0
2016-05-14,109.576,4,0.4,38.071799999999996,1.0,0.0,1.0,1.0,0.0,1.0,1.0,0.0,0.0,2.0,0.0
2016-05-16,282.84,4,0.0,19.7988,0.0,1.0,0.0,0.0,0.0,0.0,0.0,1.0,0.0,1.0,0.0
2016-05-17,195.848,7,0.6,7.150400000000001,0.0,0.0,0.0,0.0,0.0,1.0,0.0,0.0,0.0,2.0,0.0
2016-05-19,717.64,14,0.0,207.1608,0.0,0.0,3.0,0.0,0.0,2.0,1.0,0.0,1.0,2.0,0.0
2016-05-20,1049.2,5,0.0,272.792,0.0,0.0,1.0,0.0,1.0,0.0,0.0,1.0,0.0,1.0,0.0
2016-05-22,174.286,2,0.3,-19.9184,0.0,0.0,1.0,0.0,0.0,1.0,0.0,0.0,0.0,0.0,1.0
2016-05-23,37.05,3,0.0,16.302,0.0,0.0,1.0,0.0,0.0,0.0,0.0,1.0,0.0,1.0,0.0
2016-05-25,24.96,4,0.0,6.24,0.0,0.0,1.0,0.0,1.0,0.0,1.0,0.0,0.0,1.0,0.0
2016-05-26,941.444,17,0.5,-144.917,1.0,0.0,3.0,0.0,0.0,1.0,0.0,1.0,2.0,2.0,0.0
2016-05-27,30.759999999999998,5,1.2,-35.03339999999999,0.0,0.0,2.0,0.0,0.0,0.0,0.0,0.0,0.0,2.0,0.0
2016-05-28,390.272,8,0.2,-24.392,0.0,0.0,1.0,1.0,0.0,0.0,1.0,0.0,1.0,0.0,0.0
2016-05-29,44.76,3,0.2,14.547,0.0,0.0,1.0,0.0,0.0,0.0,1.0,0.0,0.0,1.0,0.0
2016-05-30,3292.308,25,0.2,470.01179999999994,0.0,0.0,4.0,3.0,1.0,0.0,1.0,2.0,1.0,2.0,1.0
2016-05-31,223.143,6,0.8999999999999999,-51.0414,0.0,0.0,2.0,0.0,0.0,0.0,0.0,0.0,1.0,1.0,0.0
2016-06-03,71.088,2,0.2,-1.7772,0.0,1.0,0.0,1.0,0.0,0.0,0.0,1.0,0.0,0.0,1.0
2016-06-04,810.541,21,2.5,-458.83680000000004,2.0,4.0,0.0,0.0,0.0,2.0,0.0,0.0,0.0,4.0,1.0
2016-06-06,548.96,5,0.4,34.974,0.0,0.0,2.0,0.0,0.0,2.0,0.0,0.0,0.0,2.0,0.0
2016-06-09,815.292,6,0.2,186.99960000000002,0.0,0.0,2.0,0.0,1.0,0.0,0.0,1.0,1.0,0.0,1.0
2016-06-10,1335.68,4,0.2,-217.048,0.0,0.0,1.0,0.0,0.0,0.0,0.0,1.0,0.0,0.0,1.0
2016-06-11,915.256,10,0.8,24.7573,0.0,0.0,2.0,1.0,0.0,0.0,0.0,1.0,0.0,1.0,1.0
2016-06-12,433.396,7,0.8999999999999999,-105.4252,0.0,2.0,0.0,0.0,2.0,1.0,0.0,0.0,1.0,2.0,0.0
2016-06-14,3353.7290000000003,24,0.75,336.7305,2.0,0.0,2.0,3.0,2.0,1.0,0.0,4.0,0.0,1.0,3.0
2016-06-17,1685.43,17,1.05,-151.32619999999997,0.0,0.0,1.0,1.0,0.0,2.0,0.0,3.0,2.0,1.0,1.0
2016-06-20,219.258,5,0.2,15.574499999999999,0.0,0.0,1.0,1.0,0.0,0.0,0.0,1.0,1.0,1.0,0.0
2016-06-21,353.568,2,0.2,-44.196,0.0,0.0,1.0,0.0,0.0,1.0,0.0,0.0,0.0,0.0,0.0
2016-06-25,540.016,7,1.2,-50.3468,0.0,2.0,1.0,1.0,0.0,1.0,0.0,0.0,2.0,1.0,0.0
2016-06-26,59.88,6,0.0,19.252200000000002,0.0,0.0,2.0,1.0,0.0,1.0,0.0,1.0,0.0,2.0,0.0
2016-06-27,539.658,3,0.3,-7.7094,0.0,0.0,1.0,1.0,0.0,0.0,0.0,0.0,1.0,0.0,0.0
2016-06-28,121.96,2,0.0,20.7332,0.0,1.0,0.0,0.0,0.0,1.0,0.0,0.0,1.0,0.0,0.0
2016-06-30,1266.86,7,0.0,291.3778,0.0,1.0,0.0,0.0,0.0,0.0,1.0,0.0,0.0,0.0,0.0
2016-07-02,723.6139999999999,6,0.5,19.5184,0.0,1.0,0.0,2.0,0.0,0.0,0.0,1.0,2.0,0.0,0.0
2016-07-04,1329.965,15,0.15,243.007,1.0,0.0,0.0,0.0,1.0,0.0,0.0,3.0,0.0,2.0,0.0
2016-07-07,817.278,19,1.1,28.113400000000002,0.0,3.0,1.0,2.0,0.0,0.0,0.0,2.0,2.0,2.0,0.0
2016-07-08,662.88,3,0.2,74.574,0.0,0.0,1.0,0.0,0.0,0.0,0.0,1.0,1.0,0.0,0.0
2016-07-09,573.286,6,0.1,87.40960000000001,0.0,0.0,2.0,2.0,0.0,2.0,0.0,0.0,1.0,1.0,0.0
2016-07-14,661.6859999999999,9,0.2,47.406600000000005,0.0,1.0,2.0,1.0,0.0,1.0,1.0,1.0,0.0,2.0,0.0
2016-07-15,230.28,3,0.2,23.028,0.0,0.0,1.0,1.0,0.0,0.0,0.0,1.0,1.0,0.0,0.0
2016-07-16,9.552,3,0.6,-3.8208,0.0,1.0,0.0,1.0,0.0,0.0,0.0,0.0,0.0,1.0,0.0
2016-07-17,37.17,8,0.0,15.3612,0.0,2.0,0.0,0.0,0.0,0.0,0.0,2.0,0.0,2.0,0.0
2016-07-18,1539.17,7,0.4,90.9068,0.0,0.0,3.0,3.0,0.0,0.0,1.0,2.0,3.0,0.0,0.0
2016-07-19,690.48,11,0.0,202.31279999999998,0.0,0.0,2.0,0.0,0.0,0.0,2.0,0.0,0.0,1.0,0.0
2016-07-21,363.92,5,0.2,0.0,0.0,0.0,1.0,0.0,0.0,0.0,1.0,0.0,1.0,0.0,0.0
2016-07-22,39.068,5,0.2,12.671600000000002,0.0,0.0,2.0,1.0,0.0,2.0,0.0,0.0,0.0,2.0,0.0
2016-07-24,253.764,2,0.1,31.0156,0.0,1.0,0.0,1.0,0.0,1.0,0.0,0.0,1.0,0.0,0.0
2016-07-25,3495.468,32,0.2,636.105,0.0,2.0,4.0,2.0,0.0,0.0,1.0,3.0,2.0,3.0,1.0
2016-07-28,504.87,15,1.7,-466.35799999999995,0.0,0.0,2.0,0.0,2.0,1.0,0.0,0.0,0.0,2.0,0.0
2016-07-31,1136.068,10,0.2,-2.3439000000000014,0.0,0.0,2.0,1.0,0.0,0.0,0.0,1.0,0.0,1.0,1.0
2016-08-01,19.312,2,0.2,3.1382,0.0,1.0,0.0,0.0,0.0,1.0,0.0,0.0,0.0,1.0,0.0
2016-08-02,136.464,2,0.2,15.3522,0.0,1.0,0.0,1.0,0.0,0.0,0.0,1.0,0.0,0.0,1.0
2016-08-04,109.8,9,0.0,46.116,0.0,0.0,1.0,0.0,1.0,0.0,1.0,0.0,0.0,1.0,0.0
2016-08-08,513.024,2,0.2,12.8256,0.0,0.0,1.0,0.0,1.0,0.0,0.0,1.0,0.0,0.0,1.0
2016-08-12,917.2045,11,0.9500000000000001,-329.9157,0.0,1.0,2.0,1.0,1.0,2.0,1.0,0.0,1.0,0.0,2.0
2016-08-13,241.96,2,0.0,24.196,0.0,1.0,0.0,1.0,0.0,0.0,0.0,0.0,0.0,0.0,0.0
2016-08-15,537.326,5,0.2,66.21379999999999,0.0,1.0,1.0,0.0,0.0,0.0,1.0,1.0,1.0,1.0,0.0
2016-08-16,161.28,2,0.2,12.096,0.0,0.0,0.0,1.0,0.0,0.0,0.0,1.0,0.0,0.0,1.0
2016-08-18,14.896,7,1.2,-5.9584,0.0,2.0,0.0,0.0,2.0,0.0,0.0,0.0,0.0,2.0,0.0
2016-08-21,1388.466,16,0.5,-276.019,0.0,1.0,1.0,0.0,1.0,2.0,0.0,0.0,1.0,0.0,1.0
2016-08-22,98.328,3,0.2,9.8328,0.0,0.0,0.0,0.0,1.0,0.0,0.0,1.0,0.0,1.0,0.0
2016-08-23,555.3119999999999,9,0.8,-50.126400000000004,0.0,0.0,2.0,0.0,1.0,0.0,0.0,1.0,1.0,1.0,0.0
2016-08-26,3262.232,17,0.5,210.482,0.0,0.0,2.0,2.0,0.0,0.0,1.0,1.0,2.0,1.0,1.0
2016-08-27,244.615,1,0.3,20.967,0.0,1.0,0.0,0.0,0.0,1.0,0.0,0.0,0.0,0.0,1.0
2016-08-28,156.3728,2,0.32,-52.8908,0.0,0.0,0.0,0.0,0.0,0.0,0.0,0.0,0.0,0.0,0.0
2016-08-29,405.79999999999995,8,0.9,-138.388,0.0,0.0,2.0,2.0,0.0,2.0,0.0,0.0,0.0,0.0,1.0
2016-08-30,833.784,8,0.3,-242.50799999999998,0.0,0.0,1.0,0.0,0.0,1.0,0.0,1.0,1.0,1.0,0.0
2016-09-01,191.82,3,0.0,61.3824,0.0,0.0,1.0,0.0,0.0,1.0,0.0,0.0,0.0,1.0,0.0
2016-09-02,1476.154,22,1.4,-158.49939999999998,0.0,1.0,4.0,0.0,1.0,1.0,1.0,3.0,1.0,3.0,2.0
2016-09-03,642.396,12,0.9,-54.9234,0.0,2.0,2.0,0.0,1.0,2.0,0.0,0.0,0.0,2.0,0.0
2016-09-04,130.81,7,0.0,50.2878,1.0,0.0,2.0,0.0,0.0,1.0,1.0,1.0,0.0,3.0,0.0
2016-09-05,3461.917,35,2.2,248.4393,0.0,3.0,6.0,3.0,0.0,5.0,1.0,0.0,5.0,4.0,1.0
2016-09-06,722.352,3,0.2,90.294,0.0,1.0,0.0,0.0,0.0,1.0,0.0,0.0,0.0,0.0,0.0
2016-09-08,3374.9816,14,1.62,-609.8617,1.0,1.0,4.0,0.0,1.0,1.0,0.0,2.0,0.0,2.0,2.0
2016-09-09,15.008,4,0.6,-12.0064,0.0,1.0,0.0,0.0,1.0,0.0,0.0,0.0,0.0,1.0,0.0
2016-09-10,300.93,5,0.3,-34.392,0.0,1.0,0.0,0.0,0.0,0.0,0.0,0.0,0.0,0.0,1.0
2016-09-12,1679.8719999999998,17,0.8,384.73339999999996,1.0,3.0,2.0,5.0,1.0,1.0,1.0,4.0,3.0,3.0,0.0
2016-09-13,1336.44,14,0.0,387.5676,0.0,0.0,1.0,0.0,0.0,0.0,0.0,0.0,0.0,1.0,0.0
2016-09-15,1128.39,3,0.0,259.5297,0.0,0.0,1.0,1.0,0.0,0.0,0.0,1.0,0.0,0.0,1.0
2016-09-16,395.446,4,0.15,17.5666,0.0,0.0,1.0,1.0,1.0,0.0,1.0,1.0,1.0,0.0,0.0
2016-09-17,430.008,10,0.2,111.51079999999999,0.0,0.0,4.0,1.0,1.0,3.0,0.0,1.0,1.0,3.0,0.0
2016-09-18,3218.74,26,1.4500000000000002,28.406100000000013,0.0,0.0,6.0,3.0,0.0,4.0,2.0,2.0,5.0,2.0,1.0
2016-09-19,1599.324,9,0.5,197.9964,1.0,0.0,0.0,0.0,3.0,2.0,0.0,0.0,2.0,1.0,0.0
2016-09-20,279.36,5,0.4,30.968899999999998,0.0,0.0,3.0,2.0,1.0,0.0,2.0,1.0,1.0,1.0,0.0
2016-09-22,100.672,11,0.2,22.5124,0.0,0.0,3.0,2.0,1.0,0.0,1.0,1.0,0.0,3.0,0.0
2016-09-23,1114.426,16,0.6000000000000001,41.4536,0.0,2.0,2.0,2.0,1.0,2.0,1.0,1.0,2.0,2.0,0.0
2016-09-24,931.202,17,0.7,95.6459,1.0,0.0,4.0,2.0,1.0,1.0,0.0,3.0,2.0,3.0,0.0
2016-09-25,1624.567,22,0.8500000000000001,7.890200000000011,0.0,0.0,4.0,3.0,0.0,0.0,0.0,3.0,2.0,1.0,1.0
2016-09-26,1627.4805,13,0.75,-212.60609999999997,0.0,0.0,3.0,2.0,0.0,0.0,0.0,1.0,2.0,0.0,0.0
2016-09-27,956.6648,7,0.32,-225.0976,0.0,0.0,1.0,1.0,0.0,0.0,0.0,0.0,0.0,0.0,0.0
2016-09-30,523.92,5,0.2,-26.196,0.0,0.0,1.0,0.0,0.0,1.0,0.0,0.0,0.0,0.0,0.0
2016-10-01,567.2860000000001,10,0.6000000000000001,-92.6468,0.0,0.0,1.0,0.0,0.0,1.0,0.0,1.0,1.0,1.0,1.0
2016-10-03,1552.508,15,0.9,166.664,0.0,0.0,3.0,1.0,1.0,1.0,0.0,1.0,2.0,1.0,0.0
2016-10-04,250.94000000000003,5,0.5,-21.334400000000002,0.0,0.0,2.0,1.0,0.0,1.0,1.0,0.0,0.0,1.0,1.0
2016-10-08,51.712,8,0.6,-32.32,0.0,0.0,1.0,1.0,0.0,0.0,0.0,0.0,0.0,1.0,0.0
2016-10-09,502.4,6,0.4,-24.9624,0.0,1.0,1.0,1.0,1.0,1.0,0.0,1.0,0.0,2.0,0.0
2016-10-10,225.666,8,1.5,-183.56400000000002,0.0,0.0,0.0,2.0,0.0,0.0,0.0,2.0,1.0,1.0,0.0
2016-10-13,1017.71,30,1.2999999999999998,-557.1898,0.0,0.0,5.0,3.0,0.0,1.0,0.0,3.0,0.0,4.0,1.0
2016-10-14,102.592,1,0.2,10.2592,0.0,0.0,1.0,0.0,0.0,0.0,1.0,0.0,1.0,0.0,0.0
2016-10-16,142.182,1,0.4,-37.9152,0.0,0.0,1.0,1.0,0.0,1.0,0.0,0.0,0.0,0.0,1.0
2016-10-17,241.64600000000002,3,0.15,33.392,0.0,0.0,1.0,0.0,1.0,1.0,0.0,1.0,0.0,0.0,0.0
2016-10-18,307.92,5,0.2,-34.641,0.0,0.0,1.0,0.0,0.0,0.0,0.0,1.0,1.0,0.0,0.0
2016-10-20,504.922,10,0.5,8.592799999999999,0.0,1.0,2.0,1.0,1.0,0.0,1.0,1.0,2.0,1.0,0.0
2016-10-21,2012.7600000000002,13,0.8,67.38640000000004,1.0,0.0,4.0,2.0,1.0,2.0,1.0,2.0,1.0,2.0,1.0
2016-10-22,173.26,12,0.0,51.8076,1.0,0.0,0.0,0.0,1.0,0.0,1.0,1.0,0.0,3.0,0.0
2016-10-23,16.156,7,0.6,-12.117,0.0,0.0,1.0,1.0,0.0,0.0,0.0,0.0,0.0,1.0,0.0
2016-10-27,758.8240000000001,18,0.1,175.72799999999998,0.0,1.0,2.0,0.0,0.0,2.0,1.0,0.0,2.0,1.0,0.0
2016-10-28,1111.368,17,0.6000000000000001,168.75220000000002,4.0,0.0,1.0,2.0,0.0,2.0,3.0,0.0,0.0,5.0,0.0
2016-10-29,67.0,5,0.0,32.16,0.0,0.0,0.0,0.0,0.0,0.0,0.0,0.0,0.0,1.0,0.0
2016-10-31,2265.725,13,0.5,137.2884,0.0,0.0,3.0,2.0,0.0,1.0,0.0,1.0,3.0,0.0,0.0
2016-11-03,1554.779,17,0.5,125.96580000000002,0.0,2.0,1.0,0.0,1.0,1.0,2.0,1.0,2.0,1.0,1.0
2016-11-04,2007.59,37,2.2,-433.6915,0.0,4.0,3.0,5.0,0.0,0.0,2.0,4.0,2.0,5.0,1.0
2016-11-05,2964.4408000000003,24,0.8200000000000001,-228.51799999999997,0.0,1.0,2.0,0.0,0.0,0.0,2.0,1.0,1.0,2.0,1.0
2016-11-06,563.5360000000001,9,0.6000000000000001,-5.736600000000001,0.0,2.0,0.0,2.0,2.0,0.0,2.0,2.0,2.0,2.0,0.0
2016-11-07,1662.416,12,0.8,88.6364,0.0,0.0,3.0,1.0,1.0,0.0,0.0,2.0,1.0,2.0,0.0
2016-11-08,993.9000000000001,5,0.0,261.49559999999997,0.0,2.0,0.0,0.0,0.0,0.0,2.0,0.0,1.0,0.0,0.0
2016-11-10,1004.988,21,0.2,295.98220000000003,0.0,1.0,3.0,1.0,2.0,1.0,0.0,2.0,0.0,4.0,0.0
2016-11-11,3472.65,20,0.6,260.3728,0.0,1.0,5.0,3.0,0.0,1.0,0.0,3.0,3.0,2.0,1.0
2016-11-12,4158.352,27,1.7,-50.8692,0.0,0.0,3.0,1.0,1.0,3.0,0.0,1.0,3.0,1.0,1.0
2016-11-13,54.08,7,0.0,21.7894,0.0,0.0,3.0,1.0,2.0,0.0,0.0,2.0,0.0,3.0,0.0
2016-11-14,856.56,12,0.6,67.1056,0.0,2.0,1.0,0.0,0.0,4.0,0.0,0.0,2.0,2.0,0.0
2016-11-15,630.024,4,0.4,-199.5076,1.0,0.0,0.0,1.0,0.0,0.0,1.0,0.0,0.0,0.0,1.0
2016-11-18,557.068,8,0.3,14.9936,0.0,1.0,1.0,0.0,1.0,0.0,0.0,0.0,2.0,0.0,0.0
2016-11-19,34.288000000000004,4,0.6,0.8414,0.0,0.0,2.0,1.0,0.0,0.0,0.0,1.0,0.0,2.0,0.0
2016-11-20,702.036,13,1.6,-118.00460000000001,0.0,1.0,3.0,3.0,1.0,1.0,1.0,0.0,1.0,1.0,0.0
2016-11-21,514.21,12,0.9,7.059800000000001,1.0,0.0,3.0,0.0,1.0,3.0,0.0,1.0,2.0,1.0,0.0
2016-11-22,39.88,2,0.0,11.1664,0.0,0.0,1.0,1.0,0.0,1.0,0.0,0.0,0.0,1.0,0.0
2016-11-23,84.81599999999999,9,0.4,16.279600000000002,2.0,0.0,0.0,2.0,0.0,2.0,0.0,0.0,0.0,2.0,0.0
2016-11-24,2324.632,20,0.4,341.0816,0.0,1.0,4.0,2.0,3.0,1.0,1.0,3.0,1.0,3.0,0.0
2016-11-25,1762.962,12,0.2,348.8433,0.0,0.0,2.0,1.0,0.0,0.0,0.0,1.0,1.0,0.0,1.0
2016-11-26,908.556,8,0.4,177.63920000000002,0.0,1.0,1.0,1.0,0.0,1.0,0.0,1.0,0.0,1.0,1.0
2016-11-27,362.583,10,0.45,-103.9386,0.0,0.0,2.0,1.0,0.0,1.0,1.0,0.0,0.0,1.0,1.0
2016-11-28,530.472,10,0.3,28.1313,0.0,1.0,1.0,2.0,0.0,1.0,1.0,0.0,2.0,0.0,0.0
2016-11-29,242.176,4,0.6,-302.72,0.0,1.0,0.0,0.0,1.0,0.0,0.0,0.0,0.0,1.0,0.0
2016-11-30,389.97,3,0.0,35.0973,0.0,0.0,1.0,0.0,0.0,0.0,0.0,0.0,1.0,0.0,0.0
2016-12-01,1801.2649999999999,28,0.8999999999999999,196.1623,1.0,5.0,3.0,0.0,1.0,4.0,0.0,2.0,4.0,4.0,1.0
2016-12-02,868.8040000000001,19,0.32,-108.41460000000001,0.0,1.0,2.0,2.0,1.0,1.0,0.0,1.0,0.0,2.0,0.0
2016-12-03,2140.888,19,0.85,108.09519999999998,0.0,0.0,4.0,0.0,0.0,2.0,0.0,3.0,2.0,1.0,3.0
2016-12-04,113.79,3,0.0,20.4822,0.0,0.0,0.0,0.0,0.0,1.0,0.0,0.0,0.0,1.0,0.0
2016-12-05,2239.0,13,0.0,687.2788,0.0,1.0,1.0,3.0,0.0,2.0,1.0,0.0,1.0,2.0,0.0
2016-12-08,2698.454,21,0.8,-134.17039999999997,0.0,0.0,3.0,2.0,0.0,0.0,0.0,1.0,1.0,1.0,1.0
2016-12-09,1136.8339999999998,10,0.4,129.2052,0.0,1.0,0.0,1.0,0.0,0.0,2.0,0.0,0.0,0.0,2.0
2016-12-10,1746.468,7,0.2,384.36220000000003,1.0,1.0,0.0,0.0,0.0,0.0,0.0,1.0,2.0,0.0,0.0
2016-12-11,2461.796,29,1.3,-174.4075,4.0,1.0,0.0,3.0,1.0,2.0,0.0,4.0,3.0,1.0,2.0
2016-12-12,477.46999999999997,15,0.0,151.3851,0.0,0.0,3.0,1.0,1.0,1.0,0.0,1.0,0.0,3.0,0.0
2016-12-13,1114.272,4,0.2,41.7852,0.0,0.0,1.0,1.0,0.0,0.0,0.0,1.0,0.0,0.0,1.0
2016-12-14,611.724,12,0.2,247.98700000000002,0.0,0.0,2.0,1.0,0.0,1.0,1.0,1.0,1.0,2.0,0.0
2016-12-15,2231.895,8,0.5,-68.97330000000002,0.0,0.0,3.0,1.0,1.0,0.0,0.0,2.0,0.0,1.0,2.0
2016-12-16,563.92,5,0.2,7.049,0.0,0.0,1.0,0.0,0.0,0.0,0.0,1.0,1.0,0.0,0.0
2016-12-17,2003.52,6,0.2,-325.572,0.0,0.0,1.0,0.0,0.0,0.0,0.0,1.0,0.0,0.0,1.0
2016-12-18,1183.99,23,0.5,-71.71499999999999,0.0,0.0,3.0,2.0,2.0,0.0,0.0,3.0,1.0,3.0,1.0
2016-12-19,759.8900000000001,11,0.7,-249.2576,0.0,1.0,1.0,1.0,0.0,1.0,0.0,1.0,0.0,1.0,1.0
2016-12-20,18.92,4,0.0,7.3788,0.0,0.0,1.0,0.0,1.0,0.0,1.0,0.0,0.0,1.0,0.0
2016-12-22,919.3040000000001,15,0.4,221.11200000000002,0.0,0.0,4.0,0.0,0.0,0.0,0.0,4.0,0.0,4.0,0.0
2016-12-23,1002.84,13,0.9,234.2568,0.0,3.0,0.0,2.0,0.0,0.0,2.0,0.0,0.0,3.0,0.0
2016-12-24,843.52,16,0.0,226.3488,0.0,0.0,2.0,0.0,0.0,1.0,0.0,1.0,0.0,2.0,0.0
2016-12-25,6636.863,33,1.5,1172.109,0.0,0.0,9.0,5.0,0.0,4.0,1.0,4.0,4.0,2.0,3.0
2016-12-26,1262.004,9,0.4,53.91630000000001,0.0,0.0,3.0,3.0,0.0,1.0,0.0,2.0,2.0,0.0,1.0
2016-12-27,845.488,8,0.3,-12.0784,0.0,0.0,1.0,1.0,0.0,0.0,0.0,0.0,1.0,0.0,0.0
2016-12-29,825.01,11,0.0,84.3464,0.0,0.0,2.0,0.0,0.0,0.0,0.0,0.0,1.0,1.0,0.0
2016-12-30,170.786,1,0.3,0.0,0.0,0.0,0.0,0.0,0.0,1.0,0.0,0.0,1.0,0.0,0.0
2017-01-01,975.49,24,1.0999999999999999,-6.199299999999965,0.0,0.0,4.0,0.0,0.0,1.0,0.0,1.0,1.0,3.0,0.0
2017-01-02,913.43,5,0.3,-169.637,0.0,1.0,0.0,0.0,0.0,0.0,0.0,0.0,0.0,0.0,1.0
2017-01-08,892.98,2,0.0,80.3682,0.0,0.0,0.0,1.0,0.0,0.0,0.0,1.0,0.0,0.0,1.0
2017-01-12,37.68,2,0.0,15.8256,0.0,1.0,0.0,0.0,1.0,1.0,0.0,0.0,0.0,1.0,0.0
2017-01-13,212.94,3,0.0,53.235,0.0,1.0,0.0,1.0,0.0,0.0,0.0,0.0,0.0,0.0,0.0
2017-01-14,18.96,2,0.0,8.532,0.0,0.0,1.0,0.0,1.0,0.0,0.0,0.0,0.0,1.0,0.0
2017-01-16,730.2620000000001,14,0.2,65.7499,2.0,1.0,0.0,2.0,0.0,0.0,0.0,2.0,1.0,1.0,1.0
2017-01-19,919.2389999999999,5,0.5,-56.9829,0.0,2.0,0.0,0.0,0.0,2.0,0.0,0.0,1.0,1.0,0.0
2017-01-20,207.846,3,0.1,2.3094,0.0,1.0,0.0,1.0,0.0,1.0,0.0,0.0,1.0,0.0,0.0
2017-01-21,84.98,1,0.0,18.6956,0.0,0.0,1.0,0.0,1.0,0.0,0.0,1.0,0.0,0.0,0.0
2017-01-23,210.98,2,0.0,21.098,0.0,0.0,0.0,1.0,0.0,0.0,0.0,0.0,0.0,0.0,1.0
2017-01-26,62.72,4,0.0,24.4608,0.0,0.0,1.0,0.0,0.0,0.0,1.0,0.0,0.0,1.0,0.0
2017-01-28,37.74,3,0.0,12.8316,0.0,1.0,0.0,0.0,1.0,0.0,0.0,1.0,0.0,1.0,0.0
2017-01-29,14.91,3,0.0,4.6221,0.0,1.0,0.0,0.0,0.0,0.0,0.0,0.0,0.0,1.0,0.0
2017-01-30,643.875,13,0.9,-114.3492,0.0,0.0,4.0,1.0,1.0,0.0,1.0,1.0,2.0,1.0,1.0
2017-02-02,296.84000000000003,4,0.0,41.9632,0.0,0.0,2.0,1.0,0.0,0.0,0.0,2.0,0.0,2.0,0.0
2017-02-03,22.2,1,0.6,-26.085,0.0,1.0,0.0,0.0,1.0,0.0,0.0,0.0,0.0,1.0,0.0
2017-02-06,600.754,4,0.2,109.2914,0.0,0.0,1.0,0.0,0.0,1.0,1.0,0.0,0.0,0.0,0.0
2017-02-09,25.104,6,0.6,3.858,0.0,1.0,1.0,1.0,0.0,0.0,0.0,1.0,0.0,2.0,0.0
2017-02-10,203.983,2,0.15,16.7986,0.0,0.0,1.0,0.0,1.0,0.0,0.0,1.0,0.0,0.0,0.0
2017-02-11,1110.704,6,0.4,104.6636,0.0,1.0,0.0,1.0,0.0,1.0,0.0,1.0,1.0,1.0,0.0
2017-02-13,107.53,1,0.0,21.506,0.0,0.0,1.0,0.0,0.0,0.0,0.0,1.0,0.0,1.0,0.0
2017-02-16,608.25,4,0.8999999999999999,-12.2331,0.0,0.0,2.0,0.0,0.0,0.0,0.0,0.0,1.0,1.0,0.0
2017-02-17,1955.5704,16,1.72,-397.3174,0.0,0.0,1.0,0.0,5.0,3.0,0.0,0.0,1.0,1.0,2.0
2017-02-19,44.67,3,0.0,12.0609,0.0,0.0,0.0,0.0,1.0,0.0,0.0,1.0,0.0,1.0,0.0
2017-02-20,477.84400000000005,12,0.7,-162.0637,0.0,0.0,2.0,1.0,2.0,0.0,0.0,3.0,0.0,2.0,1.0
2017-02-25,428.70399999999995,7,0.4,-16.340200000000003,0.0,0.0,2.0,0.0,0.0,0.0,2.0,0.0,1.0,0.0,0.0
2017-02-26,984.1840000000001,5,0.2,104.8556,0.0,1.0,1.0,0.0,1.0,0.0,0.0,2.0,1.0,1.0,0.0
2017-03-02,441.96,2,0.0,101.6508,0.0,0.0,1.0,1.0,0.0,1.0,0.0,0.0,0.0,0.0,0.0
2017-03-03,751.004,11,0.4,15.0319,0.0,0.0,3.0,1.0,0.0,0.0,0.0,2.0,2.0,0.0,1.0
2017-03-04,103.5,5,0.6,-77.625,0.0,1.0,0.0,0.0,1.0,0.0,0.0,0.0,0.0,1.0,0.0
2017-03-06,71.97,3,0.0,16.5531,0.0,1.0,0.0,0.0,0.0,1.0,0.0,0.0,0.0,1.0,0.0
2017-03-10,983.976,7,0.7,-161.3286,0.0,0.0,3.0,0.0,2.0,2.0,0.0,0.0,0.0,2.0,1.0
2017-03-11,181.484,4,0.4,-34.6724,0.0,0.0,2.0,0.0,2.0,2.0,0.0,0.0,0.0,1.0,1.0
2017-03-13,89.768,1,0.3,-2.5648,1.0,0.0,0.0,0.0,1.0,0.0,0.0,0.0,1.0,0.0,0.0
2017-03-16,51.264,6,0.2,7.6896,1.0,0.0,0.0,0.0,0.0,1.0,0.0,0.0,0.0,1.0,0.0
2017-03-18,82.524,3,0.6,-41.262,0.0,0.0,1.0,0.0,0.0,0.0,0.0,0.0,0.0,1.0,0.0
2017-03-19,728.0899999999999,6,0.2,21.3958,0.0,2.0,0.0,0.0,0.0,0.0,0.0,2.0,0.0,1.0,1.0
2017-03-20,2.91,1,0.0,1.3677,0.0,1.0,0.0,0.0,0.0,0.0,0.0,0.0,0.0,1.0,0.0
2017-03-21,1828.0200000000002,9,0.0,530.1258,0.0,0.0,2.0,0.0,1.0,0.0,0.0,1.0,1.0,1.0,0.0
2017-03-23,211.84,8,0.0,76.2624,0.0,0.0,0.0,0.0,1.0,0.0,0.0,1.0,0.0,1.0,0.0
2017-03-24,479.61,5,0.2,62.70140000000001,0.0,0.0,1.0,1.0,0.0,2.0,0.0,0.0,2.0,0.0,0.0
2017-03-25,1986.52,11,0.0,482.5819,0.0,0.0,3.0,3.0,0.0,0.0,0.0,0.0,3.0,0.0,0.0
2017-03-26,318.408,5,0.2,-5.857200000000002,0.0,0.0,1.0,1.0,0.0,1.0,0.0,0.0,0.0,1.0,0.0
2017-03-27,2142.244,14,1.12,-45.148199999999996,0.0,2.0,3.0,0.0,0.0,1.0,1.0,0.0,2.0,1.0,1.0
2017-03-28,48.04,8,0.0,16.9616,0.0,0.0,0.0,2.0,0.0,0.0,0.0,2.0,0.0,2.0,0.0
2017-03-30,94.2,5,0.0,39.564,0.0,1.0,0.0,0.0,0.0,0.0,0.0,1.0,0.0,1.0,0.0
2017-03-31,296.1128,9,0.32,-2.5745999999999967,0.0,2.0,1.0,1.0,1.0,1.0,1.0,0.0,0.0,2.0,0.0
2017-04-01,828.966,14,0.35,87.82169999999999,0.0,1.0,0.0,3.0,0.0,0.0,2.0,1.0,1.0,1.0,0.0
2017-04-02,436.91,5,0.0,76.5346,0.0,0.0,1.0,0.0,1.0,0.0,1.0,1.0,0.0,1.0,1.0
2017-04-03,25.472,4,0.2,7.6416,0.0,0.0,1.0,0.0,0.0,1.0,0.0,0.0,0.0,1.0,0.0
2017-04-07,1112.5465,8,1.1,-350.29380000000003,0.0,0.0,3.0,0.0,3.0,0.0,3.0,0.0,0.0,1.0,2.0
2017-04-08,637.1399999999999,11,0.0,166.78199999999998,0.0,0.0,3.0,3.0,0.0,0.0,1.0,0.0,0.0,3.0,0.0
2017-04-10,48.992,8,0.4,8.265600000000001,0.0,1.0,1.0,1.0,0.0,1.0,1.0,0.0,0.0,2.0,0.0
2017-04-13,436.704,6,0.2,-38.2116,0.0,0.0,1.0,1.0,0.0,0.0,0.0,1.0,1.0,0.0,0.0
2017-04-14,515.0740000000001,16,0.4,-3.0294999999999987,0.0,0.0,3.0,2.0,0.0,2.0,1.0,0.0,0.0,1.0,0.0
2017-04-15,196.45,5,0.0,70.722,0.0,0.0,0.0,1.0,0.0,0.0,0.0,1.0,0.0,1.0,0.0
2017-04-16,102.833,1,0.15,-6.049,0.0,0.0,1.0,0.0,0.0,0.0,0.0,1.0,0.0,0.0,0.0
2017-04-17,278.664,6,0.4,-13.828499999999998,0.0,0.0,1.0,0.0,0.0,1.0,0.0,1.0,1.0,1.0,0.0
2017-04-20,470.394,15,1.9,-56.5402,0.0,0.0,3.0,2.0,1.0,2.0,0.0,0.0,1.0,4.0,0.0
2017-04-21,1071.42,12,0.0,261.351,0.0,0.0,0.0,0.0,0.0,1.0,0.0,1.0,1.0,1.0,0.0
2017-04-22,272.632,5,0.2,6.2152,0.0,0.0,1.0,0.0,1.0,1.0,0.0,1.0,0.0,2.0,0.0
2017-04-23,567.252,19,0.6000000000000001,11.6532,0.0,2.0,2.0,0.0,2.0,0.0,2.0,3.0,0.0,4.0,0.0
2017-04-25,344.981,7,0.15,28.4102,0.0,1.0,0.0,0.0,0.0,0.0,0.0,1.0,0.0,0.0,0.0
2017-04-26,1.988,1,0.6,-1.4413,0.0,0.0,0.0,0.0,0.0,0.0,0.0,0.0,0.0,1.0,0.0
2017-04-27,359.8456,11,0.32,-3.0272000000000006,0.0,0.0,2.0,1.0,0.0,0.0,0.0,1.0,0.0,1.0,0.0
2017-04-29,1048.35,5,0.4,-69.89,0.0,1.0,0.0,1.0,0.0,1.0,0.0,0.0,0.0,0.0,1.0
2017-04-30,309.344,16,0.4,19.3764,0.0,0.0,3.0,2.0,1.0,0.0,2.0,1.0,0.0,3.0,0.0
2017-05-01,4051.534,12,0.8500000000000001,-473.8644,0.0,0.0,2.0,0.0,0.0,0.0,3.0,0.0,1.0,0.0,1.0
2017-05-02,129.93,3,0.0,12.993,0.0,0.0,1.0,1.0,0.0,1.0,0.0,0.0,0.0,1.0,0.0
2017-05-03,405.918,7,0.6000000000000001,-104.7402,0.0,0.0,2.0,2.0,0.0,2.0,0.0,0.0,0.0,1.0,1.0
2017-05-04,300.904,1,0.2,11.2839,0.0,0.0,1.0,1.0,0.0,0.0,0.0,1.0,0.0,0.0,1.0
2017-05-05,89.991,3,0.7,-152.9847,0.0,0.0,0.0,0.0,0.0,0.0,0.0,1.0,0.0,0.0,0.0
2017-05-06,623.4648,7,0.32,-119.1918,0.0,0.0,1.0,1.0,0.0,0.0,0.0,0.0,0.0,0.0,0.0
2017-05-07,1962.0900000000001,8,0.0,549.6677,0.0,0.0,3.0,3.0,0.0,0.0,0.0,0.0,3.0,0.0,0.0
2017-05-08,176.04999999999998,5,0.6,-25.839,0.0,0.0,2.0,1.0,0.0,2.0,0.0,0.0,2.0,0.0,0.0
2017-05-09,493.85,4,0.2,88.982,0.0,0.0,0.0,1.0,1.0,0.0,1.0,1.0,1.0,0.0,1.0
2017-05-11,217.97500000000002,8,1.2999999999999998,-363.9608,0.0,0.0,1.0,1.0,1.0,0.0,0.0,1.0,0.0,1.0,0.0
2017-05-12,328.33000000000004,10,0.2,4.7204999999999995,0.0,1.0,1.0,1.0,0.0,1.0,0.0,1.0,0.0,1.0,1.0
2017-05-13,458.43,5,0.3,-124.431,0.0,0.0,1.0,0.0,1.0,1.0,0.0,0.0,1.0,0.0,0.0
2017-05-14,1179.6699999999998,9,0.3,16.9426,1.0,0.0,0.0,1.0,0.0,1.0,0.0,1.0,2.0,1.0,0.0
2017-05-15,303.544,5,0.4,46.303200000000004,0.0,0.0,3.0,0.0,0.0,0.0,0.0,3.0,2.0,1.0,0.0
2017-05-18,342.0,9,1.2,70.82889999999999,0.0,0.0,3.0,3.0,0.0,1.0,1.0,0.0,0.0,3.0,0.0
2017-05-19,2624.58,24,0.4,381.85200000000003,0.0,2.0,1.0,1.0,1.0,0.0,2.0,1.0,2.0,0.0,0.0
2017-05-20,525.2520000000001,9,0.2,-93.82560000000001,0.0,0.0,2.0,0.0,2.0,0.0,0.0,2.0,1.0,1.0,0.0
2017-05-21,520.05,5,0.0,72.807,0.0,0.0,1.0,1.0,0.0,1.0,0.0,0.0,0.0,1.0,0.0
2017-05-22,181.986,2,0.3,-54.5958,0.0,0.0,1.0,0.0,0.0,0.0,0.0,0.0,1.0,0.0,0.0
2017-05-23,171.288,3,0.2,-6.4233,0.0,0.0,1.0,0.0,0.0,0.0,0.0,1.0,0.0,0.0,1.0
2017-05-25,18.84,3,0.0,6.0288,1.0,0.0,0.0,0.0,0.0,1.0,0.0,0.0,0.0,1.0,0.0
2017-05-27,512.3,9,0.0,153.117,0.0,0.0,1.0,0.0,0.0,0.0,0.0,1.0,0.0,2.0,0.0
2017-05-28,799.689,19,0.8,50.60669999999999,0.0,3.0,2.0,4.0,0.0,3.0,1.0,0.0,2.0,2.0,0.0
2017-05-29,71.664,7,0.6,-49.718399999999995,0.0,0.0,2.0,0.0,0.0,0.0,0.0,0.0,0.0,2.0,0.0
2017-05-30,468.2284,7,0.52,30.5588,0.0,1.0,1.0,0.0,1.0,0.0,2.0,1.0,0.0,2.0,0.0
2017-06-01,1925.88,6,0.0,539.2464,0.0,1.0,0.0,1.0,0.0,0.0,0.0,0.0,1.0,0.0,0.0
2017-06-03,661.504,11,0.8,-105.7592,0.0,0.0,3.0,2.0,0.0,1.0,2.0,0.0,0.0,1.0,1.0
2017-06-04,62.32,8,0.8,-15.4442,0.0,1.0,1.0,1.0,0.0,0.0,1.0,0.0,0.0,2.0,0.0
2017-06-06,4.95,1,0.0,2.178,0.0,0.0,1.0,0.0,1.0,0.0,0.0,1.0,0.0,1.0,0.0
2017-06-08,1497.666,2,0.15,140.9568,0.0,0.0,0.0,0.0,1.0,0.0,0.0,1.0,0.0,0.0,0.0
2017-06-09,132.901,4,1.1,-86.2761,0.0,0.0,2.0,0.0,2.0,0.0,0.0,0.0,0.0,1.0,1.0
2017-06-10,514.165,5,0.15,-30.245,0.0,0.0,0.0,0.0,1.0,0.0,0.0,1.0,0.0,0.0,0.0
2017-06-11,455.212,4,0.2,76.9598,0.0,1.0,0.0,0.0,1.0,0.0,0.0,2.0,1.0,0.0,0.0
2017-06-12,1337.124,12,0.9,205.18560000000002,0.0,1.0,3.0,0.0,1.0,1.0,2.0,0.0,1.0,2.0,1.0
2017-06-13,761.4380000000001,11,0.5,-112.81620000000001,0.0,0.0,1.0,0.0,2.0,0.0,0.0,1.0,2.0,0.0,0.0
2017-06-15,928.208,11,1.0,29.616399999999995,0.0,0.0,4.0,2.0,0.0,0.0,4.0,0.0,1.0,1.0,1.0
2017-06-16,1514.92,9,0.2,181.56,0.0,1.0,0.0,0.0,0.0,0.0,1.0,1.0,2.0,0.0,0.0
2017-06-17,155.25,3,0.0,46.575,0.0,1.0,0.0,0.0,0.0,0.0,0.0,1.0,0.0,1.0,0.0
2017-06-18,917.9235,9,0.15,75.5937,0.0,0.0,1.0,0.0,0.0,0.0,0.0,1.0,0.0,0.0,0.0
2017-06-19,1306.705,16,0.8,-99.9903,0.0,2.0,2.0,2.0,1.0,2.0,0.0,1.0,1.0,2.0,1.0
2017-06-21,17.92,5,0.2,2.464,0.0,1.0,0.0,0.0,0.0,1.0,0.0,0.0,0.0,1.0,0.0
2017-06-22,487.96,2,0.0,146.388,0.0,0.0,1.0,0.0,1.0,0.0,0.0,0.0,1.0,0.0,0.0
2017-06-24,449.454,5,0.1,82.4374,0.0,2.0,0.0,0.0,0.0,2.0,0.0,0.0,1.0,1.0,0.0
2017-06-25,1272.184,5,0.2,143.1282,0.0,2.0,0.0,0.0,0.0,1.0,0.0,1.0,0.0,0.0,1.0
2017-06-26,800.0020000000001,8,0.2,17.909399999999998,0.0,0.0,2.0,1.0,0.0,0.0,1.0,0.0,1.0,1.0,0.0
2017-06-27,317.94599999999997,6,0.1,72.357,0.0,1.0,1.0,1.0,1.0,1.0,0.0,1.0,1.0,1.0,0.0
2017-06-29,1381.2932,17,0.62,57.83,0.0,0.0,0.0,2.0,0.0,2.0,0.0,0.0,0.0,1.0,1.0
2017-06-30,2105.661,16,1.65,-464.8591,1.0,3.0,2.0,1.0,2.0,2.0,1.0,1.0,1.0,3.0,1.0
2017-07-03,1016.678,16,0.4,97.0998,0.0,1.0,3.0,0.0,1.0,2.0,1.0,2.0,0.0,4.0,1.0
2017-07-05,332.028,9,0.6,-348.6294,0.0,0.0,1.0,1.0,0.0,0.0,0.0,0.0,0.0,1.0,0.0
2017-07-06,361.376,4,0.4,10.1837,1.0,0.0,1.0,0.0,0.0,0.0,1.0,1.0,2.0,0.0,0.0
2017-07-07,87.21,3,0.5,-45.3492,0.0,0.0,0.0,0.0,0.0,1.0,0.0,0.0,0.0,0.0,0.0
2017-07-08,484.1,16,0.0,181.9472,0.0,0.0,4.0,2.0,2.0,2.0,0.0,3.0,0.0,5.0,0.0
2017-07-09,526.45,5,0.0,31.587,0.0,0.0,1.0,0.0,1.0,0.0,0.0,0.0,0.0,1.0,0.0
2017-07-10,18.84,3,0.0,7.9128,0.0,1.0,0.0,0.0,0.0,0.0,1.0,0.0,0.0,1.0,0.0
2017-07-13,91.008,9,0.2,19.3392,0.0,1.0,0.0,0.0,0.0,1.0,0.0,0.0,0.0,1.0,0.0
2017-07-14,692.45,11,0.2,206.562,0.0,0.0,3.0,0.0,0.0,1.0,0.0,2.0,0.0,3.0,0.0
2017-07-15,1847.529,12,0.4,196.8981,0.0,1.0,1.0,1.0,0.0,2.0,1.0,0.0,1.0,0.0,2.0
2017-07-16,313.724,5,0.5,14.1274,0.0,1.0,1.0,0.0,0.0,1.0,1.0,0.0,2.0,0.0,0.0
2017-07-17,1241.149,11,0.35,227.3682,0.0,1.0,2.0,1.0,1.0,1.0,1.0,1.0,0.0,2.0,0.0
2017-07-18,1473.888,14,1.2,-495.8907,0.0,0.0,4.0,0.0,0.0,1.0,0.0,3.0,3.0,0.0,1.0
2017-07-20,539.4159999999999,10,0.7,78.467,0.0,0.0,4.0,3.0,0.0,2.0,0.0,0.0,2.0,2.0,0.0
2017-07-21,661.44,14,0.5,74.75139999999999,0.0,0.0,4.0,0.0,0.0,0.0,2.0,1.0,1.0,1.0,1.0
2017-07-22,526.344,4,0.3,-75.192,0.0,0.0,1.0,0.0,0.0,0.0,0.0,0.0,1.0,0.0,0.0
2017-07-25,456.79999999999995,11,0.9,-35.8914,0.0,2.0,0.0,0.0,1.0,2.0,0.0,0.0,0.0,1.0,2.0
2017-07-26,362.352,3,0.2,45.294,0.0,0.0,1.0,1.0,0.0,0.0,0.0,1.0,1.0,0.0,0.0
2017-07-27,324.65,11,0.4,24.4297,0.0,3.0,1.0,0.0,0.0,1.0,2.0,1.0,1.0,3.0,0.0
2017-07-29,418.63,5,0.0,98.152,0.0,0.0,2.0,0.0,0.0,0.0,0.0,1.0,1.0,0.0,0.0
2017-07-31,36.96,7,0.0,11.4576,0.0,0.0,0.0,0.0,0.0,0.0,0.0,1.0,0.0,1.0,0.0
2017-08-03,307.332,5,0.3,-25.518,0.0,1.0,0.0,0.0,0.0,0.0,0.0,1.0,0.0,1.0,0.0
2017-08-06,161.14000000000001,8,0.0,30.7104,0.0,2.0,0.0,0.0,0.0,0.0,2.0,0.0,0.0,1.0,0.0
2017-08-07,258.93399999999997,2,0.2,41.423,0.0,0.0,2.0,0.0,0.0,0.0,0.0,2.0,1.0,1.0,0.0
2017-08-10,121.3,2,0.0,25.473,0.0,0.0,1.0,0.0,0.0,0.0,0.0,0.0,0.0,1.0,0.0
2017-08-12,1834.8200000000002,9,0.0,393.5502,1.0,0.0,0.0,1.0,0.0,1.0,0.0,1.0,1.0,1.0,0.0
2017-08-13,455.632,3,0.4,47.6604,0.0,0.0,2.0,0.0,0.0,0.0,2.0,0.0,1.0,1.0,0.0
2017-08-14,418.296,3,0.2,5.2287,0.0,0.0,1.0,0.0,0.0,0.0,0.0,1.0,0.0,0.0,1.0
2017-08-17,553.94,8,1.0,73.2824,0.0,0.0,2.0,1.0,2.0,1.0,0.0,0.0,2.0,1.0,0.0
2017-08-18,204.38,10,0.0,68.5744,0.0,3.0,1.0,4.0,0.0,3.0,0.0,1.0,0.0,4.0,0.0
2017-08-21,2093.584,26,0.6000000000000001,349.8816,0.0,2.0,3.0,1.0,2.0,2.0,1.0,4.0,2.0,4.0,1.0
2017-08-22,524.54,3,0.6000000000000001,-81.2501,0.0,0.0,0.0,0.0,1.0,1.0,0.0,1.0,0.0,0.0,2.0
2017-08-23,2.784,2,0.2,0.4176,0.0,1.0,0.0,0.0,0.0,0.0,1.0,0.0,0.0,1.0,0.0
2017-08-25,130.98,2,0.5,-89.0664,0.0,0.0,1.0,0.0,0.0,1.0,0.0,0.0,0.0,0.0,0.0
2017-08-26,64.96,5,0.6,-43.848,0.0,0.0,1.0,0.0,0.0,0.0,0.0,0.0,0.0,1.0,0.0
2017-08-27,2037.74,20,0.7,-142.26839999999999,0.0,2.0,2.0,3.0,0.0,1.0,0.0,3.0,1.0,2.0,1.0
2017-08-28,1137.75,5,0.0,250.305,0.0,0.0,1.0,0.0,1.0,0.0,0.0,1.0,0.0,0.0,1.0
2017-08-29,148.02,3,0.0,41.4456,0.0,0.0,1.0,1.0,0.0,0.0,0.0,1.0,0.0,1.0,0.0
2017-08-31,569.568,2,0.2,7.1196,0.0,1.0,0.0,1.0,0.0,0.0,0.0,1.0,1.0,0.0,0.0
2017-09-01,896.72,16,0.0,218.9658,2.0,1.0,0.0,1.0,0.0,1.0,0.0,1.0,1.0,1.0,1.0
2017-09-02,2527.552,21,1.1,255.34930000000003,1.0,1.0,5.0,4.0,2.0,4.0,0.0,3.0,2.0,3.0,2.0
2017-09-03,620.6310000000001,10,0.95,-85.5458,0.0,3.0,1.0,0.0,2.0,2.0,0.0,1.0,2.0,1.0,0.0
2017-09-04,3722.982,22,0.9,-118.59240000000001,0.0,2.0,1.0,2.0,0.0,0.0,1.0,2.0,1.0,0.0,2.0
2017-09-07,470.688,20,0.2,65.6858,1.0,0.0,3.0,0.0,0.0,0.0,0.0,5.0,1.0,5.0,0.0
2017-09-08,1000.239,14,1.4,-617.8507,0.0,1.0,0.0,2.0,0.0,0.0,0.0,0.0,1.0,1.0,1.0
2017-09-09,482.56399999999996,14,1.1,-66.8626,0.0,1.0,4.0,2.0,0.0,3.0,1.0,1.0,2.0,3.0,0.0
2017-09-10,362.352,3,0.2,27.1764,1.0,0.0,0.0,1.0,0.0,0.0,0.0,1.0,1.0,0.0,0.0
2017-09-11,2810.8940000000002,20,0.9,217.4972,3.0,0.0,1.0,0.0,1.0,0.0,1.0,3.0,2.0,2.0,1.0
2017-09-12,8.36,2,0.0,3.0096,0.0,0.0,0.0,0.0,0.0,0.0,0.0,1.0,0.0,1.0,0.0
2017-09-14,830.718,15,0.6,-30.9042,0.0,0.0,0.0,0.0,1.0,3.0,0.0,0.0,2.0,1.0,0.0
2017-09-15,2612.768,31,0.6000000000000001,474.72290000000004,0.0,2.0,6.0,2.0,2.0,4.0,0.0,4.0,3.0,3.0,1.0
2017-09-16,22.512,3,0.2,2.2512,0.0,0.0,0.0,0.0,0.0,1.0,0.0,0.0,0.0,1.0,0.0
2017-09-17,2335.29,12,0.3,188.4626,0.0,3.0,0.0,1.0,2.0,0.0,1.0,1.0,2.0,0.0,0.0
2017-09-18,30.14,6,0.0,10.1494,0.0,0.0,2.0,2.0,0.0,1.0,1.0,0.0,0.0,2.0,0.0
2017-09-19,481.804,10,0.8999999999999999,-66.85640000000001,0.0,0.0,2.0,2.0,0.0,0.0,0.0,2.0,0.0,1.0,0.0
2017-09-20,2608.047,9,0.30000000000000004,402.01050000000004,0.0,0.0,3.0,0.0,0.0,3.0,0.0,0.0,3.0,0.0,0.0
2017-09-22,254.03,3,0.0,45.1163,0.0,2.0,0.0,0.0,1.0,1.0,0.0,0.0,0.0,1.0,0.0
2017-09-23,804.732,7,1.1,-177.63639999999998,0.0,0.0,3.0,1.0,0.0,0.0,0.0,3.0,1.0,1.0,0.0
2017-09-24,1427.24,19,0.5,262.70939999999996,1.0,0.0,2.0,1.0,0.0,1.0,0.0,1.0,2.0,2.0,0.0
2017-09-25,805.7360000000001,14,0.1,158.8975,0.0,0.0,3.0,0.0,0.0,2.0,0.0,0.0,2.0,1.0,0.0
2017-09-26,428.37600000000003,7,0.2,-54.6744,1.0,0.0,1.0,1.0,1.0,0.0,1.0,1.0,1.0,1.0,0.0
2017-09-28,42.016000000000005,4,0.2,7.7128,0.0,0.0,1.0,0.0,1.0,0.0,0.0,2.0,0.0,2.0,0.0
2017-09-29,553.688,9,1.1,-181.8258,3.0,0.0,0.0,0.0,3.0,3.0,0.0,2.0,2.0,2.0,1.0
2017-10-01,559.76,7,0.4,9.5032,0.0,0.0,1.0,1.0,0.0,0.0,0.0,2.0,2.0,0.0,0.0
2017-10-02,2758.464,33,1.7,-1312.4973,0.0,1.0,3.0,1.0,4.0,0.0,5.0,2.0,0.0,6.0,1.0
2017-10-03,255.20800000000003,7,0.2,15.395899999999997,0.0,1.0,1.0,1.0,1.0,1.0,0.0,1.0,0.0,1.0,1.0
2017-10-04,19.98,1,0.0,8.5914,0.0,0.0,1.0,0.0,1.0,1.0,0.0,0.0,0.0,1.0,0.0
2017-10-05,935.802,14,0.5,-25.244,0.0,0.0,4.0,4.0,0.0,1.0,0.0,3.0,2.0,1.0,1.0
2017-10-06,41.96,2,0.0,2.9372,0.0,0.0,1.0,0.0,1.0,0.0,0.0,1.0,0.0,1.0,0.0
2017-10-07,462.43,5,0.55,-50.59,0.0,0.0,2.0,0.0,1.0,0.0,1.0,1.0,0.0,0.0,1.0
2017-10-08,145.764,2,0.1,3.2392,0.0,0.0,1.0,0.0,0.0,1.0,0.0,0.0,1.0,0.0,0.0
2017-10-09,1333.393,18,1.7,-512.4744000000001,0.0,1.0,3.0,3.0,0.0,2.0,0.0,0.0,1.0,1.0,2.0
2017-10-10,239.358,3,0.3,-47.8716,0.0,0.0,1.0,0.0,0.0,0.0,0.0,0.0,1.0,0.0,0.0
2017-10-12,3123.3280000000004,24,0.6,51.560800000000015,1.0,0.0,3.0,0.0,1.0,3.0,0.0,0.0,1.0,1.0,1.0
2017-10-13,1514.996,7,0.6,339.2302,0.0,0.0,0.0,0.0,0.0,0.0,1.0,0.0,0.0,1.0,1.0
2017-10-14,9.46,2,0.0,3.6894,0.0,0.0,0.0,0.0,0.0,0.0,0.0,1.0,0.0,1.0,0.0
2017-10-15,532.96,4,0.2,15.693200000000001,0.0,0.0,1.0,2.0,0.0,0.0,0.0,2.0,0.0,1.0,1.0
2017-10-16,2422.558,20,0.4,-793.7473,0.0,0.0,1.0,2.0,0.0,1.0,1.0,0.0,0.0,1.0,1.0
2017-10-19,531.1622,12,1.02,-137.55669999999998,0.0,2.0,3.0,3.0,0.0,1.0,0.0,2.0,0.0,2.0,2.0
2017-10-20,328.29999999999995,6,0.6000000000000001,-69.7892,1.0,0.0,1.0,1.0,0.0,1.0,1.0,0.0,0.0,1.0,1.0
2017-10-21,1470.238,9,0.6000000000000001,158.6422,1.0,0.0,2.0,1.0,3.0,0.0,2.0,1.0,2.0,1.0,1.0
2017-10-22,1005.3409999999999,11,0.7,-94.69420000000001,1.0,1.0,1.0,1.0,0.0,0.0,0.0,2.0,1.0,0.0,2.0
2017-10-23,1193.4,24,0.6,-47.05919999999999,0.0,0.0,1.0,5.0,0.0,5.0,0.0,0.0,0.0,3.0,2.0
2017-10-24,517.405,5,0.3,-81.3065,0.0,0.0,0.0,0.0,0.0,0.0,0.0,0.0,0.0,0.0,1.0
2017-10-26,356.85,5,0.0,60.6645,0.0,0.0,1.0,0.0,0.0,0.0,1.0,0.0,0.0,0.0,1.0
2017-10-27,746.241,6,0.35,16.0278,0.0,0.0,0.0,2.0,0.0,0.0,0.0,2.0,0.0,0.0,1.0
2017-10-28,77.952,3,0.2,15.5904,0.0,1.0,0.0,0.0,0.0,0.0,1.0,0.0,0.0,1.0,0.0
2017-10-30,1301.758,22,1.7,-54.8553,2.0,0.0,3.0,1.0,1.0,1.0,1.0,5.0,4.0,3.0,1.0
2017-11-01,2665.62,9,0.0,239.9058,0.0,1.0,0.0,0.0,0.0,0.0,0.0,1.0,0.0,0.0,1.0
2017-11-02,1159.624,10,0.5,268.4332,0.0,3.0,1.0,2.0,2.0,2.0,1.0,1.0,2.0,2.0,0.0
2017-11-03,2524.05,24,0.8,102.6417,0.0,1.0,3.0,2.0,1.0,0.0,1.0,4.0,1.0,2.0,2.0
2017-11-04,523.764,3,0.4,-192.0468,0.0,0.0,0.0,1.0,0.0,0.0,1.0,0.0,0.0,0.0,1.0
2017-11-05,396.024,9,0.5,-3.866799999999998,0.0,3.0,0.0,0.0,0.0,3.0,0.0,0.0,1.0,1.0,1.0
2017-11-06,2681.3619999999996,19,1.2999999999999998,252.11219999999997,0.0,2.0,4.0,0.0,2.0,1.0,1.0,3.0,2.0,3.0,1.0
2017-11-07,623.322,7,0.4,-96.46560000000002,0.0,1.0,1.0,1.0,0.0,2.0,0.0,0.0,1.0,0.0,1.0
2017-11-08,274.2,10,0.0,112.422,0.0,0.0,1.0,1.0,0.0,1.0,0.0,0.0,0.0,1.0,0.0
2017-11-09,883.018,21,0.4,110.9149,0.0,1.0,2.0,2.0,1.0,1.0,0.0,3.0,2.0,2.0,0.0
2017-11-10,1482.52,11,1.0,-609.7732,0.0,1.0,1.0,2.0,1.0,0.0,0.0,2.0,2.0,1.0,0.0
2017-11-11,123.84,9,0.2,26.3223,0.0,1.0,0.0,0.0,1.0,0.0,1.0,1.0,0.0,2.0,0.0
2017-11-12,250.304,7,1.0,-13.4204,2.0,0.0,1.0,0.0,3.0,0.0,0.0,2.0,1.0,2.0,0.0
2017-11-13,2765.6532,12,0.52,154.01940000000002,0.0,1.0,2.0,2.0,0.0,1.0,0.0,1.0,1.0,1.0,0.0
2017-11-14,321.568,2,0.2,28.1372,0.0,0.0,1.0,1.0,0.0,0.0,0.0,1.0,1.0,0.0,0.0
2017-11-15,559.2,8,0.4,55.016,0.0,0.0,2.0,0.0,0.0,0.0,2.0,0.0,0.0,2.0,0.0
2017-11-16,289.59,11,0.0,57.4386,0.0,0.0,3.0,0.0,0.0,0.0,0.0,4.0,0.0,4.0,0.0
2017-11-17,515.4928,6,0.32,62.522800000000004,0.0,0.0,2.0,0.0,0.0,1.0,0.0,0.0,0.0,1.0,0.0
2017-11-18,152.96599999999998,8,0.3,-14.4426,1.0,0.0,2.0,1.0,1.0,0.0,0.0,0.0,1.0,2.0,0.0
2017-11-19,2603.165,29,2.7,-134.17200000000003,1.0,1.0,5.0,2.0,1.0,1.0,1.0,1.0,3.0,3.0,3.0
2017-11-20,880.862,24,1.0,-27.9354,0.0,2.0,5.0,1.0,1.0,4.0,2.0,2.0,2.0,5.0,0.0
2017-11-21,98.4,2,0.0,31.8264,0.0,0.0,2.0,0.0,0.0,1.0,0.0,1.0,0.0,1.0,1.0
2017-11-23,186.697,13,1.1,-16.783099999999997,0.0,1.0,1.0,2.0,0.0,1.0,0.0,0.0,0.0,3.0,1.0
2017-11-24,1734.028,12,0.7000000000000001,164.98720000000003,2.0,0.0,2.0,1.0,0.0,2.0,0.0,2.0,1.0,0.0,2.0
2017-11-25,2639.309,15,0.65,33.025600000000026,0.0,1.0,3.0,1.0,0.0,0.0,2.0,1.0,2.0,0.0,0.0
2017-11-26,1375.6,16,0.0,395.544,0.0,1.0,3.0,0.0,3.0,1.0,0.0,0.0,1.0,3.0,1.0
2017-11-27,65.78,4,0.0,25.2742,0.0,0.0,1.0,1.0,0.0,0.0,0.0,1.0,0.0,2.0,0.0
2017-11-28,4659.14,35,0.8,-276.6498,0.0,0.0,5.0,0.0,5.0,5.0,0.0,0.0,0.0,4.0,1.0
2017-11-29,491.888,7,0.4,67.831,0.0,0.0,2.0,0.0,0.0,0.0,2.0,0.0,1.0,1.0,0.0
2017-11-30,4129.728,21,0.8,-396.7551,0.0,1.0,1.0,0.0,2.0,2.0,1.0,1.0,2.0,1.0,1.0
2017-12-01,2542.292,38,1.0,399.474,0.0,0.0,6.0,1.0,3.0,4.0,0.0,3.0,3.0,4.0,0.0
2017-12-02,3527.504,34,1.9,-87.3116,0.0,1.0,4.0,4.0,0.0,0.0,1.0,4.0,3.0,2.0,0.0
2017-12-03,591.84,13,1.2,89.47359999999999,0.0,4.0,1.0,0.0,1.0,0.0,0.0,4.0,0.0,4.0,1.0
2017-12-04,992.782,29,1.0,61.854699999999994,1.0,0.0,5.0,4.0,0.0,7.0,0.0,0.0,4.0,3.0,0.0
2017-12-05,321.48,12,0.0,75.15299999999999,0.0,0.0,2.0,2.0,1.0,3.0,0.0,1.0,0.0,4.0,0.0
2017-12-07,82.38,6,0.0,25.5378,0.0,0.0,1.0,0.0,0.0,0.0,1.0,0.0,0.0,1.0,0.0
2017-12-08,3368.265,34,0.8500000000000001,-67.6579,0.0,1.0,5.0,0.0,0.0,2.0,0.0,4.0,2.0,2.0,1.0
2017-12-09,1927.233,18,0.95,259.2456,0.0,2.0,1.0,2.0,2.0,0.0,0.0,2.0,1.0,1.0,1.0
2017-12-10,2102.264,16,0.6000000000000001,165.5856,0.0,1.0,1.0,1.0,0.0,2.0,2.0,1.0,0.0,4.0,1.0
2017-12-11,1448.529,11,1.85,-522.1774,2.0,0.0,3.0,2.0,0.0,1.0,2.0,0.0,3.0,1.0,1.0
2017-12-13,489.01599999999996,11,0.2,61.480199999999996,0.0,0.0,2.0,1.0,0.0,1.0,0.0,1.0,0.0,1.0,0.0
2017-12-14,1852.5320000000002,19,2.4,-460.19579999999996,2.0,0.0,4.0,0.0,3.0,1.0,0.0,1.0,0.0,4.0,2.0
2017-12-15,22.77,3,0.0,9.7911,0.0,0.0,1.0,0.0,1.0,0.0,0.0,1.0,0.0,1.0,0.0
2017-12-16,197.712,6,0.4,22.8344,0.0,3.0,0.0,3.0,0.0,0.0,0.0,3.0,2.0,1.0,0.0
2017-12-17,629.26,7,0.0,108.14320000000001,0.0,0.0,2.0,0.0,0.0,1.0,1.0,0.0,1.0,1.0,0.0
2017-12-18,1380.681,17,0.25,158.4025,0.0,1.0,3.0,1.0,0.0,2.0,0.0,1.0,1.0,2.0,0.0
2017-12-19,115.378,12,0.8999999999999999,-179.62439999999998,0.0,0.0,2.0,0.0,0.0,0.0,0.0,2.0,0.0,1.0,0.0
2017-12-21,15.92,2,0.0,7.0048,1.0,0.0,0.0,0.0,1.0,0.0,0.0,0.0,0.0,1.0,0.0
2017-12-22,4086.456,22,0.9,281.65540000000004,0.0,2.0,3.0,1.0,1.0,1.0,2.0,1.0,2.0,0.0,4.0
2017-12-23,282.114,9,0.2,67.1799,0.0,0.0,3.0,1.0,1.0,2.0,1.0,0.0,0.0,3.0,0.0
2017-12-24,1393.4940000000001,14,0.5,222.9092,0.0,0.0,5.0,1.0,2.0,2.0,1.0,2.0,3.0,2.0,0.0
2017-12-25,832.454,14,0.8,-7.076300000000003,0.0,1.0,3.0,1.0,0.0,3.0,2.0,0.0,1.0,2.0,1.0
2017-12-28,551.2568,17,2.02,-49.668,0.0,0.0,5.0,5.0,0.0,0.0,0.0,2.0,2.0,3.0,0.0
2017-12-29,2330.718,26,0.2,492.6236,0.0,3.0,3.0,1.0,0.0,0.0,3.0,3.0,4.0,2.0,0.0
2017-12-30,323.136,4,0.2,12.1176,0.0,0.0,1.0,0.0,0.0,1.0,0.0,0.0,0.0,0.0,0.0
